Smile,docking_score
C1CC(N(CCCNC(CSc2[nH0]c3N=C(C(Cc4c(Cl)cccc4)=C([nH0]3[nH0]2)C)C)=O)CC1)CC,-14.41
N1(C(=O)Cc2cc(F)ccc2)CCC2(OCCC(C2)Cc2ccc(cc2)OC)CC1,-14.172
c1ccc(CNS(=O)=Oc2cc3OCC(Nc3cc2)=O)cc1,-11.069
C1CC2=C(C(C(N3CCN(CC)CC3)c3cc[nH0]cc3)=C(NC(C3OC=CC=3)=O)S2)CC1,-14.049
C1CCC(N2C(C(SC2=S)=CC(=Cc2ccccc2)C)=O)CC1,-11.422
c12n(nc(n2)c2occc2)c(C)nc2c1c1c(CCCC1)s2,-14.093
c1(c(NC(c2cc(OC)c(c(c2)OC)OC)=O)cccc1Cl)N1CCN(CC1)C(=O)OCC,-12.965
CCN(CCCNC(c1ccc2NC(C[S+2](Cc3cc(Br)ccc3)(=O)=O)C(Nc2c1)=O)=O)CC,-10.96
c1ccc(c2[nH0](c3[nH0](c4c([nH0](c([nH0](c4[nH0]3)C)=O)C)=O)c2)c2cc(c(cc2)OC)OC)cc1,-15.581
c1ccc([nH0]2c(NC(c3ccc(cc3)C)=O)c(C(Nc3cc(ccc3)Cl)=O)c[nH0]2)cc1,-10.415
c1ccc(c2ccc(C3N(CC(C)C)C(=Nc4cc(C(F)(F)F)ccc4)SC=3)cc2)cc1,-9.446
CCNC(CC1N(C(N(c2ccc(cc2)C)C1=O)=O)CC1SC=CC=1)=O,-15.487
c1ccc(CCCNC(C[nH0]2c3c([nH0](Cc4ccccc4)c(=O)c2=O)[nH0]ccc3)=O)cc1,-9.744
C1CCC(CCC(NC2(C(F)(F)F)C(N(C(=C2C(=O)c2ccccc2)C)Cc2ccccc2)=O)=O)CC1,-14.019
C=1\2/C(n3c(N\C1\CC(CC2=O)(C)C)ncn3)c1c2c(ccc1)cccc2,-10.244
n1c(noc1[C@@H]1C[C@@H]2[C@@H](N(C(NCc3ccccc3)=O)CCCCCCNC2=O)C1)c1cnccc1,-11.749
COc1ccc(S(=O)=ONC(CC(NCC2OC=CC=2)=O)C(C)C)cc1,-15.005
[B-]1(NC(C(F)(F)F)=CC(=[O+]1)C)(c1ccccc1)c1ccccc1,-9.322
c1ccc(CN2C(C(=Cc3c(cc(cc3)N(CC)CC)O)SC2=S)=O)cc1,-10.907
c1ccc(SC2=CC=C(O2)C=NNC(=O)c2cc[nH0]cc2)cc1,-10.466
CC1=Cc2[nH0](O1)c(c(c([nH0]2)=O)=Cc1ccc(OCc2ccc(F)cc2)cc1)=N,-9.962
c1c(cc(NS(=O)=OC2C(C3ON=C(C=3)C)=C(C)SC=2C)cc1)Cl,-14.431
N1(CC(C(CC1C)(O)[H])C)C,-13.333
CCOC(c1ccc([nH0]2c(c3c(cccc(c3c2C)=O)OCC)C)cc1)=O,-10.661
Cc1c(c(N2c3[nH0]c4[nH0](c([nH0](CC=C)c(c4[nH0]3CCC2)=O)=O)C)ccc1)C,-9.264
COc1c(OC)c(OC)cc(c1)CNCc1ccc(Br)cc1,-9.903
S(c1cc(C(C)C)c(cc1C)OCC)(N1CCN(CC1)c1c(OC)cccc1)(=O)=O,-10.266
c1ccc(C2N=C(ON=2)CNC(c2c(C)cccc2)=O)cc1,-14.914
c1(nc(cs1)c1ccccc1)NC(=N)N,-10.98
C1CC2C(CC1)(C)C2C(NN=Cc1ccc(C#N)cc1)=O,-13.848
CC1CCN(S(=O)=Oc2cc3c(N(C(=O)C3(C)C)CC(Nc3cc4c(cc3)OCO4)=O)cc2)CC1,-14.204
c1(c(ncs1)C)CN1CCC2(OCCC(C2)Cc2ccc(F)cc2)CC1,-10.926
N1(C(Cc2cc(Cl)ccc2)=O)CCC2(CC(CCO2)(O)CC)CC1,-9.911
CCOc1ccc(C2=CC(C(Oc3cc(C)ccc3)=O)=NO2)cc1,-10.21
CCCC1Sc2[nH0]c(cc([nH0]2N=1)=O)N1CCN(c2c([N+]([O-])=O)cc(C(F)(F)F)cc2)CC1,-10.463
S(c1c(onc1C)C)(N1C[C@H]2[C@](c3nc(n[nH]3)C)(CN(C(C3CC3)=O)C2)CC1)(=O)=O,-15.544
COc1ccc([S+2](C2=C(SC(C(c3ccc(F)cc3)=O)=C2N)Nc2cc(Cl)ccc2)([O-])[O-])cc1,-14.996
CNC(C1CCC(C[nH0]2c(c3c([nH0](c2=O)CC(NCc2ccc(F)cc2)=O)C=CS3)=O)CC1)=O,-12.718
N1(C(CC2CCCC2)=O)CCC2(CC(N3CCN(CC3)c3ccccc3)CCO2)CC1,-12.953
S(c1cc(C(N2CCC(CC2)C)=O)cs1)(N1CCN(CC1)CC)(=O)=O,-12.288
c12c(sc(c1c1cc(F)ccc1)C(=O)O)C(c1cc(c(OCC(C)C)cc1)OC)CC(N2)=O,-13.85
c1cc2c(C3=C(C=C(S3)C(NCc3ccc(Cl)cc3)=O)CO2)cc1,-14.178
c1(ncccn1)SCC(Nc1ccc(C#N)cc1)=O,-13.576
COc1cc([nH0]2[nH0][nH0]c(c2C)C2N=C(SN=2)NC(c2ccc(cc2)C)=O)ccc1,-13.206
c1(c(c(nc(n1)C)C)Cc1c(F)cccc1)N1CCN(C(=O)C2CCC2)CC1,-12.314
N1(C(C2(C1)CCCCC2)c1ccncc1)C1CCN(C(NCc2ccccc2)=O)CC1,-9.824
C/1(\c2n(Cc3c(F)cccc3)ccc2)=N/C(CO1)CCSC,-13.093
C1Cc2[nH0]c3c(c(c2CC1)Cl)ccc(C(Nc1ccc(C(=O)OCCN(CC)CC)cc1)=O)c3,-12.921
CCC(C1C(C(=O)Oc2c1cc(cc2)Br)C(=O)OC)C(c1ccc(cc1)C)=O,-12.619
c1ccc([S+2](c2c3N=C(c4cc(ccc4[nH0]3[nH0][nH0]2)Cl)N2CCC3(OCCO3)CC2)(=O)=O)cc1,-12.083
N1(CCC(CC1)C(C(=O)N1CCOCC1)NC(c1ccccc1)=O)C(=O)NCC,-13.521
c1ccc(CNC(C[nH0]2c([nH0]3C=NC4=C(c3[nH0]2)C(=C(S4)C)C)=O)=O)cc1,-12.793
c1cc2[nH]cc(C=NNC(C(Nc3ccc(OC)cc3)C)=O)c2cc1,-15.351
c1(C(=O)NCCN(C2CCN(C(C3CC3)=O)CC2)C2CCOCC2)cscc1,-12.501
c1cc2c(CN(C(Nc3cc(OC)ccc3OC)=O)CC(C)C)cc([nH]c2cc1)=O,-10.747
COc1c(OC)c(OC)cc(C2=NC(=C(O2)C)CSc2[nH0]c(cc(C(F)(F)F)[nH0]2)O)c1,-13.059
n1c(c(nc2c1cc(cc2)OCC)O)O,-9.909
n1(c(nnc1COc1ccccc1)SC\C\1=C\C(Nc2c1cccc2)=O)C,-15.04
c1ccc(S(=O)=ON2c3c(cc(C(Nc4c(F)cccc4)=O)cc3)CC2)cc1,-10.143
S(N1CCN(Cc2c3c(n(n2)CC)CCOC3)CC1)(C1CC1)(=O)=O,-12.336
c1(ccc(cc1)C)NC(=O)c1csc(n1)c1ccc(OCc2cc(F)ccc2)cc1,-13.547
COc1cc([N+](=O)[O-])cc(c1O)C=Nc1c(O)cccc1C,-13.257
N1(C(C2C3c4ccccc4C(C2C1=O)c1ccccc31)=O)c1cc(C(=O)O)ccc1Cl,-15.188
c1ccc(CN(C(C2CN(S(=O)=Oc3ccc(NC(=O)OC)cc3)CCC2)=O)C)cc1,-14.081
COc1cc2c(cc(S(=O)=ON3CCN(C)CC3)cc2)cc1,-15.423
CCOC(C1C(N2C(CSC2=NC=1C)=O)c1ccc(cc1)C)=O,-13.184
c1(sc2c(c1OCCC)cc(N)cc2)C(=O)OC,-10.119
COc1c(cc(C(Oc2ccc(C=c3c([nH0]4C(=NSc4[nH0]c3=O)SC)=N)cc2)=O)cc1)OC,-11.895
CCCCOc1ccc(c2c(C#N)c([nH0]c(c2C#N)N)SC)cc1,-10.526
Cc1cc(NC(CN2C(C(=Cc3ccc(C(C)(C)C)cc3)NC2=O)=O)=O)ccc1,-11.264
C1(=C(C(=O)N(C1c1cnccc1)CC1OCCC1)O)C(c1ccc(cc1)Cl)=O,-12.545
C1CCN(C2=N[nH0]3c(c(c([nH0]c3S2)=O)=Cc2ccc(O)cc2)=N)CC1,-14.976
COc1c(OC)c(OC)cc(C(NCCC2[nH0]3c([nH0]c([nH0]3)c3ccc(cc3)C)SC=2)=O)c1,-9.202
c1(nc(no1)CCOc1ccc(F)cc1)C1N(C(Nc2ccccc2)=O)CCC1,-10.546
C1CN(c2[nH]c3cc(Br)ccc3[nH0]2)CC(C(=O)NCCC2OC=CC=2)C1,-11.498
c1c(ccc(C=CC(c2ccc(Cl)cc2)=O)c1)F,-11.365
c1cc(c(NC(N2CC(C3SC(C(Nc4ccc(F)cc4)=O)=NN=3)CCC2)=O)cc1)C,-13.824
CCC1=NC(c2ccc([nH0]3[nH0]c(c(C(Nc4cc(Cl)ccc4OC)=O)c3)C)cc2)=NO1,-14.791
N1([C@H](C(N(C[C@@H]1CO)C)=O)C)Cc1cc2c(OCCO2)cc1,-9.158
Cc1ccc(C[nH0]2c([nH0](c3[nH0]c4N(c5cc(c(cc5)C)C)CC[nH0]4c3c2=O)C)=O)cc1,-9.655
c1(C2(CN(C(Nc3c(cc(cc3)C)C)=O)CCC2)N2CCOCC2)n(nnn1)CCOC,-13.306
[C@@]12(c3nc(n[nH]3)C)[C@@H](CN(C1)C(C1CC1)=O)CN(CC2)Cc1ccc(Cl)cc1,-15.474
Cc1ccc(COc2ccc(C3C4C(CC(CC=4OC4=C3C(=O)CC(C4)(C)C)(C)C)=O)cc2)cc1,-13.647
COc1c(cc2C(N(CCc2c1)C(C=Cc1cc2c(cc1)OCO2)=O)COc1ccc([N+]([O-])=O)cc1)OC,-13.165
c1ccc(CNC(C(=O)Nc2cc(OC)c(cc2)OC)=O)cc1,-11.383
c1cc(c(C(F)(F)F)cc1)NC(CSc1c(C(=O)OC)c(c2c([nH]1)ccc(c2)Cl)=O)=O,-12.398
COc1ccc(C=C2C(N3CN(CN=C3S2)c2ccc(C(=O)C)cc2)=O)cc1,-15.03
Cc1cc(CS(=O)=ON2CCC(C(Nc3c(cc(cc3)C)C)=O)CC2)ccc1,-15.518
C1CCN(C2CCN(C(CSc3cc(=O)[nH0](c4c3cccc4)CC)=O)CC2)CC1,-15.216
CCOc1c(ccc(c1)CCNC(C1=Cc2c([nH0]c3c(c2)cc(C)cc3)S1)=O)OCC,-14.452
c1c(NC(N2C(c3oc4ccc(cc4n3)c3ccccc3F)CCC2)=O)cccc1Cl,-12.974
N1([C@]2([C@](CNC(=O)CCc3cc(OC)ccc3)(CCC1=O)CCC2)[H])CCOC,-10.534
c1cc(c(N2S(=O)=Oc3c(N(C2=O)Cc2cc(C)ccc2)cccc3)cc1)C,-9.594
Cc1ccc([nH0]2c(c3c([nH0]c2SCC(Nc2cc(c(cc2)C)C)=O)[nH0][nH]c3)=O)cc1,-14.914
c1(c2nc(no2)c2ccccc2)nnn(c1)C1CCN(C(c2c3c([nH]cc3)ccc2)=O)CC1,-14.12
C1CC(NC2=C(C(Oc3c2cccc3)=O)N[S+2]([O-])(c2ccc(C(C)C)cc2)[O-])CC1,-15.184
COc1ccc(C(c2c[nH0](c3c(cc4c(c3)OCO4)c2=O)CC(Nc2cc3c(cc2)OCCO3)=O)=O)cc1,-13.096
c1cc2[nH0]c([nH0](CC3OC=CC=3)c(c2cc1)=O)SCC(Nc1[nH0][nH]c(c1)C)=O,-12.182
CC(NC(COc1cc(C2=NC(=NO2)C)ccc1)=O)C,-12.315
c1cc2[nH0]c3[nH0](c2cc1)C(=C(C(=C3C#N)C)CC)NCCCN(CC)CC,-11.209
Cc1cc2c(cc([nH]c2c(c1)C)CSCC(NC1=NN=C(S1)C)=O)=O,-14.934
c1ccc(C2CC3=C(C(C2)=O)C(C(C(=O)OCC)=C(N3)C)C2OC(=CC=2)C)cc1,-12.434
c1ccc([nH0]2c(c(c([nH0]c2SCCN(CC)CC)O)CC)=O)cc1,-14.507
c1(c2c(n(n1)CCOC)CCOC2)C(=O)NCCc1c[nH]c2c1cccc2,-14.198
c1c(cc2c(c1)OC(C)C(N(C2)Cc1ccccc1F)=O)NC(c1c(F)cccc1)=O,-13.608
COc1ccc(C2N(C(CSc3[nH0](C)c([nH0][nH0]3)CNC(c3cc(F)ccc3)=O)=O)N=C(C2)C2SC=CC=2)cc1,-11.857
c1cc2C(C(c3ccc(OC)cc3)=C(N3CCN(c4cc(Cl)ccc4C)CC3)c2cc1)=O,-14.871
Cc1cc(C(Nc2[nH0]([nH0]c3c2C[S+2](C3)(=O)=O)c2ccc(F)cc2)=O)cc(C)c1,-11.005
CCc1ccc(CNC(c2ccc(NC(C3SC(=NN=3)CC)=O)cc2)=O)cc1,-15.004
CCOc1ccc(CNC(CCCC([nH0]2c3c(cc(cc3)C)c[nH0]2)=O)=O)cc1,-10.574
c1cc(c(C2C3C(Oc4c(C=3OC(=C2C#N)N)cccc4)=O)cc1)OCc1c(Cl)cccc1,-15.053
N(C(=O)c1cc(ccc1)C#N)c1cccc(c1)c1cc(nn1c1c(cccc1)F)C(=O)OCC,-10.94
C(c1ccccc1)C(N1CC(C(C1)C(NCCCC)=O)c1c(ccc(c1)OC)OC)=O,-15.56
IC#CC1(OC(=O)C)C2CC3CC(C2)CC1C3,-11.478
CN(c1ccc(C2C3N4CCC(C=3NC(N2)=S)CC4)cc1)C,-15.53
c1cc([nH0]cc1)CNC(NC(c1cc(C)ccc1)=O)=Nc1ccc(OCC)cc1,-14.112
n1c(noc1C1CC1)C1(CCN(C(c2nc[nH]c2)=O)CC1)CCOC,-9.772
c1c(NC(c2ccc(C(C)(C)C)cc2)=O)cc(NC(c2cc(ccc2Cl)Br)=O)cc1,-11.702
c1cc2c(c(S(=O)=Oc3ccc(Cl)cc3)c(C(N3CCSCC3)=O)c[nH0]2)cc1,-15.251
c1cc2C(N(N=Cc3c(cc(cc3)N(CC)CC)O)C(=O)c2cc1)=O,-11.008
CCOc1ccc(C(Nc2cc3c(N(S(=O)=Oc4ccc(cc4)C)CCC3)cc2)=O)cc1,-14.191
c1ccc(C(NCC(N2CCCC2)c2ccc3c(CCCN3C)c2)=O)cc1,-10.717
C1CCN(c2c(NC(c3ccc(C(C)(C)C)cc3)=O)cc3[nH0](c(=O)[nH0](C)c3c2)C)CC1,-15.504
c1cc(c(c2[nH0](NC(c3c(cc(cc3)Cl)Cl)=O)c(c3c([nH0]2)cccc3)=O)cc1)F,-9.378
CCOC(c1c(N)[nH0]([nH0]c1)c1ccc(C(Nc2cc(ccc2)CC)=O)cc1)=O,-9.661
CC(Sc1[nH0]c(C(NC2Sc3c(N=2)ccc(c3)C)=O)c(Cl)c[nH0]1)C,-10.734
Cc1c(cc(C2N=C(C3=C(S(=O)=ON(c4cc5OCCOc5cc4)C)C=CS3)ON=2)cc1)C,-10.673
C(N(C1CN(C(c2cnncc2)=O)CC1)CCN1CCCCC1)(N(C)C)=O,-9.768
c1ccc(C(N2C(C(SC2=S)=CC2OC(=CC=2)c2c(Cl)cccc2)=O)C(=O)O)cc1,-12.549
[N+](c1cc(OC)c(cc1CCNC(=O)OC)OC)([O-])=O,-11.186
n1c(C2(CN(C(c3cnccc3)=O)CCC2)CC2CC2)noc1c1cnccc1,-13.967
n1(c(nnc1COc1ccccc1)SCC(Nc1ccc(Oc2ccccc2)cc1)=O)c1c(cc(cc1)C)C,-12.655
CCc1ccc(C2=NC(=C(O2)C)CSCC(NCc2ccc(Cl)cc2)=O)cc1,-9.78
c1ccc(C2OC(C3C(C(=O)OCC)=C(NC(=C3C(=O)OCC)C)C)=CC=2)cc1,-14.895
CCOc1cc(C2N(C(C3=C2C(c2ccccc2O3)=O)=O)C2SC(=NN=2)C(C)C)ccc1O,-14.445
C1CCC(SC2=N[nH0]3c([nH0][nH0](c3=O)CC(Nc3c(cc(c(c3)C)Cl)OC)=O)C=C2)CC1,-14.263
C(N1CCC(CC1)OCCOC)(=O)NCCc1ccccc1,-10.544
CCC1Sc2c(C=1)c(N1CCC(C(Nc3c(cc(cc3)Br)F)=O)CC1)[nH0]c[nH0]2,-12.674
c1ccc(c2[nH0]c3[nH0](C(C(S3)=Cc3cc(c(OC(=O)C)c(C)c3)C)=O)[nH0]2)cc1,-9.37
c1cccc(c1F)CNC(=O)c1n(c2c(c1)scc2Br)Cc1cc(F)ccc1,-11.182
c1ccc(CC(NS(=O)=Oc2c3[nH0]cccc3ccc2)C(Nc2c(ccc(c2)C)OC)=O)cc1,-9.974
C1COC(C[nH0]2c(c3c([nH0](c2=O)CC2N=C(OC=2C)c2cc(ccc2)C)cccc3)=O)C1,-11.65
c1(oc2c(c1C)cccc2)C(N(c1cc2N(C(COc2cc1)=O)CC)[H])=O,-11.775
c1cc2c(c3c(CS2)c(C(=O)NCCc2cc(ccc2)C)[nH0][nH0]3C)cc1,-15.184
S(c1c2ncccc2ccc1)(N1CCC(C(Nc2cc(cc(c2)OC)OC)=O)CC1)(=O)=O,-13.697
Cc1c(cc([nH0]2c(c3Sc4c(c3[nH0][nH0]2)cc(c([nH0]4)C)C)=O)cc1)Cl,-11.77
S(c1sccc1)(N1CCC(NC(=O)COC)(CC1)CC1CC1)(=O)=O,-11.116
CCc1ccc(C2(c3c(N(C(C4OC=CC=4)=O)C(C)(C)C2)cccc3)C)cc1,-10.156
c1cc2c(c[nH0](S(=O)=ON(C)C)c2cc1)C=C(C(N(CC)CC)=O)NC(c1cc(c(OC)c(OC)c1)OC)=O,-15.538
COc1ccc(CN(C(=O)Nc2c(c(ccc2)C)C)C2CCN(C(=O)C)CC2)cc1,-10.248
CC[nH0]1c(c2C(C(=C(Oc2cc1C)N)C(=O)OC)c1cc(c(OC)c(OC)c1)Cl)=O,-10.391
c1c(Oc2c([N+]([O-])=O)cc([N+]([O-])=O)cc2)cc(C=C2C(NC(=S)S2)=O)cc1,-14.356
C1Oc2c(cc(C(NC3=NN=C(O3)c3ccc(S(=O)=OC)cc3)=O)cc2)OC1,-15.099
c1ccc(N(S(=O)=Oc2c([N+]([O-])=O)cccc2)CC(NN=Cc2c(ccc(c2)OC)OC)=O)cc1,-9.309
c1(sccc1)C(N(Cc1cc(on1)c1ccc(cc1OC)OC)Cc1cc2c(OCO2)cc1)=O,-9.305
c1c(F)ccc(NC(C2=NOC(C3SC=CC=3)=C2)=O)c1,-14.042
COC(C1C(NC(N(C=1C)C)=S)c1ccc(Cl)cc1)=O,-14.468
c1(sc(c2cc(S(Nc3cc(C(=O)C)ccc3)(=O)=O)sc2)nc1C)C(N1CCCCC1)=O,-13.543
c1cc(c(CS(=O)=ON2CCC(C(=O)NCCc3ccc(OC)cc3)CC2)cc1)C,-14.808
c1ccc(C(NC(=Cc2ccc(Cl)cc2)C(N2CCC(CC2)C)=O)=O)cc1,-12.315
COc1ccc([nH0]2c(c3[nH0](c4c(c3[nH0](c2=O)Cc2ccc(Cl)cc2)cc(OC)cc4)C)=O)cc1,-12.734
c1cc(c(C[nH0]2c3c(c(SCC(N4CCC(CC4)C)=O)c2)cccc3)cc1)Cl,-14.429
CC[nH0]1c2c(c(c1C)C)cc(C(NCc1ccc(F)cc1)=O)cc2,-12.685
c1cc2c(C3=C(C(C(N(c4cc(OC)ccc4OC)CC)=O)=NO3)CS2)cc1,-12.483
CCOC(c1ccc(NC(=O)C2(CCCC2)c2cc(c(cc2)OC)OC)cc1)=O,-14.89
c1ccc(CSC2c3c(cc4c(c3)OCCO4)CC(N=2)(C)C)cc1,-15.122
C(CC(NC1SC2=C(C=1C(=O)OC)CCC2)=O)COc1cc(ccc1)C,-10.902
Cc1cc2OC(c3cc(NC(c4cc(Cl)ccc4)=O)c(cc3)C)=Nc2cc1,-13.498
c1ccc(N(S(=O)=Oc2cc(c(cc2)F)C(Nc2c(OC)cccc2)=O)CC=C)cc1,-9.623
C1CCN(S(=O)=Oc2cc3c([nH0]c(N4CC(C(Nc5c(cc(cc5)C)C)=O)CCC4)cc3)cc2)CC1,-10.258
c1(cccc(c1)C)C(Nc1ccc(N2C(N(CCC2)Cc2cc(cc(c2)C)C)=O)cc1)=O,-11.573
c1cc2C(N(CCc3ccc(S(=O)(Nc4c(cc(cc4)C)Cl)[O-])cc3)C(c2[nH0]c1)=O)=O,-15.41
C1CC2SC3=C(c4[nH0]([nH0]c([nH0]4)c4ccc(F)cc4)C=N3)C=2CC1,-12.534
COc1cc(S(=O)=O[nH0]2c([nH0]cc2)C)c(OC)cc1C,-14.675
c1ccc(N2CCN([S+2](c3c([nH0](c(c3C(N3CCCCCC3)=O)C)C)C)([O-])[O-])CC2)cc1,-14.529
O1CCN(C(=O)C(N2c3cc(ccc3OCC2=O)C(=O)COc2ccc(Cl)cc2)C)CC1,-12.446
COc1ccc(cc1)c1nc2nc(nn2c(c1)C(F)(F)F)C(=O)NCc1ccccc1,-13.156
c1(nc(CS(=O)(=O)c2ccccc2)no1)C(=O)NCCNC(=O)COc1ccc(cc1)Cl,-15.544
c1(C(F)(F)F)ccc2c(c1)CC(C1N2CCN(C1)C(c1ccco1)=O)C(=O)NCc1ccccc1,-9.793
C1CCN(c2[nH0][nH0]c(c3cc(NS(=O)=Oc4cc(ccc4)C)ccc3)cc2)CCC1,-12.829
CC(C(Nc1cc(c2[nH0][nH0]c([S+2](C)([O-])[O-])cc2)ccc1)=O)Oc1c(cc(cc1)Cl)Cl,-14.599
Cc1c(cc(C2N(Cc3cc4OCOc4cc3)C(=Nc3ccc(F)cc3)SC=2)cc1)C,-14.693
Fc1ccc(S(=O)=ONc2ccc(C3N=C(ON=3)CNC(C3OC=CC=3)=O)cc2)cc1,-9.165
CCOC(c1cc(NC(CCS(=O)=Oc2cc(C3=C(C(=NO3)C)C)ccc2C)=O)ccc1)=O,-13.631
N1(C(NCc2ccccc2)=O)CC(c2nc(ncc2COCC)C)CCC1,-13.587
c1cc(c(CNC(C2CN(S(=O)=ON3CCC4(OCCO4)CC3)CCC2)=O)cc1)Cl,-9.786
COc1c(OC)cc(CCNC(C2N(S(=O)=Oc3c4=NSN=c4ccc3)CCC2)=O)cc1,-9.926
Cc1ccc(C[nH0]2cccc2C=NNC(Nc2cc(c(cc2)C)C)=S)cc1,-11.744
CCOC(NN=CC1OC(c2cc(C(F)(F)F)ccc2)=CC=1)=O,-9.341
N1(C(C2N(C(C1)=O)CCN(C(c1ncccn1)=O)CC2)=O)Cc1cc(ccc1)C,-14.585
c1ccc(SC2OC(C3N(CCN3c3ccc(cc3)C)c3ccc(cc3)C)=CC=2)cc1,-10.391
c1ccc([S+2](N(c2c(c(c(O)c(c2C)Cl)Cl)C)S(=O)=Oc2ccccc2)(=O)=O)cc1,-13.466
N/12/C(=N\C(/C(=N1)/C)=O)/S\C(\C2=O)=C(/C=C/c1ccccc1)\[H],-13.581
c1ccc(C(Oc2cc3c(C(=O)C)c([nH0](c4ccc(cc4)C)c3cc2)C)=O)cc1,-13.741
Cc1cc2c(C3C(N(SC=3C(N2)(C)C)c2cc(cc(c2)C)C)=S)cc1,-15.051
c1cc(C(Nc2[nH0]c(ccc2)C)=O)c(C2=NC(=NO2)c2ccc(Cl)cc2)cc1,-11.974
c1ccc([nH0]2[nH0][nH0][nH0]c2SCCNC(c2c(Br)cccc2)=O)cc1,-9.917
N1([C@@H](C(=O)NC)C[C@@H](C1)Oc1ccccc1)Cc1cc(F)ccc1,-11.75
c1cc2c(C=C(C(Nc3cc(ccc3C)Cl)=O)C#N)c[nH0](Cc3ccc(Cl)cc3)c2cc1,-10.838
c1cc2[nH0](cc(C=c3c([nH0]4N=C(S(=O)=OC)Sc4[nH0]c3=O)=N)c2cc1)Cc1ccc(C)cc1,-14.734
c1cc2[nH0]c3[nH0]4C(C)(Cc5c(c4cc3[nH0]c2cc1)cccc5)C,-14.082
CCOc1ccc([nH0]2c([nH0]c3[nH0]([nH0]cc3c2=O)c2ccc(cc2)C)C2OC=CC=2)cc1,-14.747
CCCC1Sc2[nH0](N=1)c(c(NC(c1ccc(F)cc1)=O)c[nH0]2)=O,-11.512
CCCC1SC(NC(c2[nH0][nH0](ccc2=O)c2ccc(Cl)cc2)=O)=NN=1,-13.607
c1cc(c(C[nH0]2c(c3c(c4ccccc4[nH0]3Cc3c(Cl)cccc3)[nH0]c2)=O)cc1)Cl,-10.847
N1(C(C(OCC1)=O)CC(Nc1ccccc1)=O)Cc1ccccc1,-11.627
N1(/C/2=C(\C=C(/C1=O)\C#N)/C(CC(C2)(C)C)=O)c1c(c(ccc1)C)C,-13.817
C1CN(c2[nH0]c([nH0]c(N3CCN(S(=O)=Oc4cc(c(cc4)OC)OC)CC3)c2)C)CC1,-13.418
Cc1c(cc(N2CCN(S(=O)=ON(C)C)CC2)cc1)C,-12.945
CCCOc1cc(c(C(C2C(N(C(C=2O)=O)CCCN2CCOCC2)c2ccc(Cl)cc2)=O)cc1)C,-14.226
COc1ccc(C2=C(N=CO2)C(Nc2cc(ccc2)Cl)=O)cc1,-11.434
S(c1cc2sc(nc2cc1)C)(CCC(Nc1c(cc(cc1)F)C)=O)(=O)=O,-15.282
COC(c1cc(N[S+2](c2c(cc(N3S(=O)=OCCC3=O)cc2C)C)([O-])[O-])c(Cl)cc1)=O,-11.613
COc1c(cc(NC(C23CC4CC(C2)CC(C3)C4)=O)cc1)OC,-9.734
c1cc(c(CN2S(=O)=ON(CC(Nc3cc(Cl)ccc3C)=O)CC2)cc1)Cl,-9.629
C/1(=N/N(C(N(C1=O)C)=O)c1ccc(cc1)C)\C(N(c1c(CC)cccc1)C)=O,-15.106
c1cc(c(CN2C=C3C(=NN=C3c3c2ccc(c3)OC)c2ccc(Cl)cc2)cc1)OC,-12.734
CC(Oc1cc(NC(C2CCN(S(=O)=OCc3c(Cl)cccc3F)CC2)=O)ccc1)C,-12.887
c1cc(c(CN2C=C3C(=NN=C3c3c2cccc3)c2cc(C)c(cc2)C)cc1)OC,-10.386
[C@]12(c3nc(no3)C)C(CN(C1)Cc1ccccc1)C[C@@H](NC(c1cc(cc(c1)C)C)=O)C2,-14.97
CCOc1cc(C2C(C(=O)OCCSCC)=C(NC3=C2C(CC(C3)c2ccc(OC)cc2)=O)C)ccc1OC(=O)C,-12.786
c12c([N+]([O-])=O)cc(cc1c1c([nH]2)C(NCC1)=O)C,-12.25
N1(C(=O)C)CCN(C(=O)Cc2n3C(C(C(OC)=O)=C(N=c3sc2)C)c2cccc(c2)Oc2ccccc2)CC1,-9.655
COc1c(cc(C(NNc2[nH0](c(=O)[nH0](c(c2)=O)C)C)=O)cc1)OC,-9.475
c1cc(c(C2[nH0]3c(NC(=C2C(Nc2ccc(F)cc2)=O)C)[nH0]c2c3cccc2)cc1)OC,-14.381
CCCCCNS(=O)(=O)c1c(C)cc(cc1C)C,-15.419
c1(n(nnn1)c1ccc(C(=O)N)cc1)Oc1cc(c(cc1)Cl)C,-12.127
c1cc2C=C(C(=NC3SC4=C(C=3C#N)CCCC4)Oc2cc1)C(Nc1cc(C(F)(F)F)ccc1)=O,-15.382
c1cc2c(S(=O)=ONC(N2)c2ccc(C(N3CCN(c4ccc(Cl)cc4)CC3)=O)cc2)cc1,-12.687
CCCCN(C(c1c[nH]c2c(c1=O)cc(S(=O)=ON(c1cc(C)c(cc1)C)C)cc2)=O)CC,-10.532
CCCC1Sc2[nH0](N=1)c(c(c([nH0]2)=O)=Cc1cc(OCC)c(cc1)OCCSc1ccc(C)cc1)=N,-10.996
C(c1ccc(N(C)C)cc1)(=O)NCCN1CCOCC1,-9.2
c1cc(c(C=C2C([nH0]3[nH0]c(C4Oc5c(C=4C)cccc5)[nH0]c3S2)=O)cc1)OCC=C,-10.197
c1cc2[nH0]c([nH0](c3cc(ccc3)F)c(=O)c2cc1)C=Cc1cc(C(F)(F)F)ccc1,-11.296
N1(C(CC(c2sc(NC(c3sccc3)=O)nn2)C1)=O)c1c(CC)cccc1,-14.994
s1c(nnc1SCc1ccc(cc1)C)NC(CCc1ccccc1)=O,-10.156
COC(CSc1[nH]c(=O)c([nH0][nH0]1)C)=O,-13.987
Brc1cc(c(c(C=C2C(NC(=S)S2)=O)c1)O)Cl,-10.465
CCc1c(NC(CSc2[nH0](c(c3SC=C(c3[nH0]2)c2ccc(cc2)C)=O)C)=O)c(ccc1)C,-12.142
c12cc(nn1CCC(N2CCCC(=O)NCCN1CCCCCC1)=O)c1n(ccc1)C,-15.025
c1([nH]c2c(c1)cccc2)C(N1CCC2(OCCC(C2)CCOc2ccncc2)CC1)=O,-10.833
c1ccc(c2[nH0]3NC(C(Sc3[nH0][nH0]2)C(Nc2ccc(OCC)cc2)=O)c2ccc(F)cc2)cc1,-13.504
C(Nc1ncc(cc1)C)(c1ccc(cc1)F)=O,-12.804
c1ccc(CC(NS(=O)=OC2SC=CC=2)C(Nc2c(c(C)ccc2)C)=O)cc1,-14.317
CCCNC(CN1CCN(c2c(cc(NS(=O)=Oc3cc(c(cc3)F)F)cc2)C(=O)O)CC1)=O,-12.486
C1CN(Cc2cc(c3c([nH0]ccc3)c2O)COC)CC1,-9.508
c1ccc(CN2c3[nH0][nH0]c([nH0]3c3c(C2=O)cccc3)SCC(Nc2c(cc(cc2)C)C)=O)cc1,-13.19
COc1ccc(N2C(=O)N(c3ccc(OC)cc3)C3C2C[S+2](C3)(=O)=O)cc1,-11.627
C123C(O1)(C(OC2(CN(C(C3)c1c(cc(cc1)C)C)C)C)=O)C(=O)OC,-13.948
COc1cc(NC(C[nH0]2c3c(cc(c2=O)CNc2ccc(C)cc2)ccc(c3)OC)=O)ccc1,-14.105
c1cc(c(C(Nc2cc(OCc3[nH0]c4[nH0](C=CC(=C4)C)c(c3)=O)c(C)cc2)=O)cc1)Cl,-10.936
CCOC(C1C(C(=CN(c2cc(c(cc2)C)C)C=1)C(=O)OCC)c1ccc(OC)cc1)=O,-15.566
CCOC(c1ccc(NC(CCN2C(C(=Cc3cc4c(cc3)OCO4)SC2=S)=O)=O)cc1)=O,-13.656
C1(N(C2(C1O)CCCCC2)C1CCN(Cc2sc(cc2)C)CC1)=O,-10.983
C(NC(C1C(N(c2[nH0]c3[nH0](c(c2C=1)=O)C=CC=C3C)CCC[nH0]1c[nH0]cc1)=N)=O)C=C,-15.509
c1(ccccc1)C(N(CC(N1C(c2c(CC1)scc2)COc1ccc(cc1)C)=O)Cc1occc1)=O,-15.162
n1c(onc1CCN(C(=O)C)C1CN(C(CC2CCCCC2)=O)CCC1)C(C)C,-10.984
c1c(c2[nH0](CC=C)c([nH0][nH0]2)SCC(Nc2ccc(OC(F)(F)F)cc2)=O)cc[nH0]c1,-10.667
Cc1cc(c(C(c2c[nH0](c3[nH0]c(C)ccc3c2=O)Cc2ccc([N+]([O-])=O)cc2)=O)cc1)C,-11.449
c1ccc(CCNC(c2cc3c(C(N(c4c(cc(cc4)OC)OC)C(=S)N3)=O)cc2)=O)cc1,-15.596
CCOCCCNC(C1CCN(c2c3C(=C(Oc3[nH0]c([nH0]2)C)C)C)CC1)=O,-11.91
c1ccc([nH0]2c([nH0](CC(N(c3cc(ccc3)C)CC)=O)c(c3c2[nH0]c(cc3C)C)=O)=O)cc1,-14.321
c1(C(N2C[C@H]3[C@](CN(c4cc(C(F)(F)F)c(C#N)cc4)C3)(CC2)CO[H])=O)[nH]nc(c1)C,-13.342
c1ccc(C2C(C(=O)OCC)=C(NC(=O)COCC3C=C(ON=3)C3OC=CC=3)SC=2)cc1,-14.926
N1(C(N(c2c1cccc2)CCO)=N)Cc1c(C)cccc1,-13.99
COc1ccc(N2C(CC(C2=O)N2CCN(C3C(N(c4ccc(OC)cc4)C(C3)=O)=O)CC2)=O)cc1,-14.452
Cc1c(N2CCN(CCNC(CC[nH0]3c4c([nH0]c(c3=O)C)cc(c(c4)C)C)=O)CC2)cc(cc1)Cl,-10.741
COc1c(cc(S(=O)=ON2C(C3SC(C(Nc4cc(ccc4)F)=O)=NN=3)CCC2)cc1)Cl,-12.676
c1ccc2c(c1)CC(C1N2CCCC1)C(=O)NCCc1cc(c(cc1)OC)OC,-9.699
c1cc2c(N(C(CNS(=O)=Oc3ccc(Cl)cc3)c3ccc(N(C)C)cc3)CC2)cc1,-14.346
COc1ccc(CN2c3[nH0][nH0]c([nH0]3C3=C(C2=O)SC=C3)SCc2ccc(N3C(=O)CCC3)cc2)cc1,-11.479
c1cc2[nH0]c(Sc3[nH0]c4[nH0](c([nH0](c(c4[nH0]3C)=O)C)=O)C)[nH]c2cc1,-14.164
c1cc2c(N(C(CN3C(c4cc([nH0][nH0]4C=C3)c3cc(c(cc3)OC)OC)=O)=O)CCC2)cc1,-10.694
c1(c[nH]c2c1cccc2)CN(C(Nc1cc(SC)ccc1)=S)CCCN(CC)CC,-11.982
CCCCC(NC1Sc2[nH0](N=1)c([nH0][nH0]2)C1OC=CC=1)=O,-14.45
c1cc(c(C(=O)N(CC2OC=CC=2)Cc2ccc(N(C)C)cc2)cc1)C,-13.868
C1CCC(OC(C2C([nH0]3[nH0][nH0][nH0]c3NC=2C)c2ccc(Cl)cc2)=O)CC1,-12.693
N1(C(=O)CCCc2c1cccc2)CC(NCc1ccc(cc1)OCCCC)=O,-12.417
COc1ccc(N(S(=O)=OC2=C(C(Nc3cc(Cl)c(cc3)C)=O)SC=C2)C)cc1,-15.19
c1(c2n(c(SCc3c(ccc(c3)C)C)nn2)CC)cn(S(=O)(=O)c2ccccc2)c2c1cccc2,-12.122
CCCOc1cc(C(Nc2cc3[nH0][nH0](c4ccc(OCC)cc4)[nH0]c3cc2)=O)ccc1,-10.637
C(CCCCCC(O)=O)CCCCCc1cc(cc(C)c1)C,-11.573
Cc1ccc(NC(=S)N(CCN2CCOCC2)C2CCN(C(=O)C)CC2)cc1,-15.572
c1ccc(C(N[S+2](c2cc3c([nH0](C)c(=O)[nH0](c3cc2)C)=O)(=O)=O)C(Nc2cc(F)ccc2)=O)cc1,-11.787
COc1c(cc(NC(C2C(=C(ON=2)C)[N+]([O-])=O)=O)cc1)OC,-13.231
Cc1ccc(CCNc2c3c(ON=C3c3ccc(F)cc3)[nH0]c[nH0]2)cc1,-12.308
C/12(\C\3=C(\N=C(/NC3=O)\SCc3c(F)cccc3)/N/C(=C1/C#N)/N)C(N(c1c2cccc1)Cc1ccccc1)=O,-9.647
c1cc2N=C(c3[nH0][nH0]c([nH0]3c2cc1)C)SCC(Nc1c(cc(cc1)OC)OC)=O,-14.403
c1ccc(C(c2c3c([nH]c2C)cccc3)C2SC(C)=CC=2)cc1,-11.878
C(c1c(OC)cccc1)N(c1ccc(c(c1)OC)OC)S(=O)(=O)c1c(cccc1)Cl,-13.446
N1(C(CC(NCCCCCC1)=O)c1ccccc1)Cc1oc(cc1)C,-15.282
COc1c(NC(c2c[nH0][nH0](c3cc(C)ccc3)c2C2CCNCC2)=O)cc(Cl)c(c1)OC,-14.419
COc1c(OC)cc(CCN2C(C(=Cc3c(cc(cc3)Cl)Cl)SC2=S)=O)cc1,-12.326
c1ccc(CNC(C2SC(=CC=2)N2c3c(SCC2)[nH0]ccc3)=O)cc1,-13.049
Cc1cc2N=C(c3cc(NC(c4cc(ccc4)F)=O)c(cc3)C)Oc2cc1,-13.438
C1(CCCCC1)NC(N(CC(N(Cc1c(ccs1)C)Cc1ccc(cc1)F)=O)CC(C)C)=O,-10.799
n1c(N2c3c(CC2)cccc3)ncc(c1N1c2c(CC1)cccc2)F,-12.134
C(NC(=O)c1ccc(Nc2c(cnn(c3ccc(C)cc3)c2=O)Oc2ccc3c(c2)OCO3)cc1)C(C)C,-14.642
c1ccc(c2ccc(C(=O)NN=Cc3ccc(OCc4ccccc4)cc3)cc2)cc1,-10.963
c1ccc(N(S(=O)=Oc2c(CN3C(c4ccc[nH0]c4C3=O)=O)ccc(c2)F)CC)cc1,-10.382
c12c(sc(c1C)C(=O)NCCCC)\N=C/N(C2=O)CCC,-12.738
c1(C(N2CCC3(OC(CC(NC4CCCC4)=O)Cc4c3cccc4)CC2)=O)n(cnc1)C,-11.6
n12c(nnc1C1CCN(C(CC(C)C)=O)CC1)CN(C(CC1CCCC1)=O)CC2,-14.561
c1ccc(C(NCC(c2c3c([nH]c2)cccc3)c2ccc(OC)cc2)=O)cc1,-13.569
c1cc(c(C(=O)Nc2c(C(=O)OC)ccc(C(=O)OC)c2)cc1)OC(=O)C,-9.41
CC(c1ccc(C(NC(C(=O)NCCC(=O)O)=CC2OC=CC=2)=O)cc1)(C)C,-9.48
CCc1ccc(NS(=O)=Oc2cc(C3=NC(=NO3)C(C)C)c(cc2)OC)cc1,-11.025
c1c[nH0]cc(CNC(NC(c2cc(NC(=O)C)ccc2)=O)=Nc2cc(Cl)ccc2OC)c1,-9.79
Cc1ccc(N2CCN([S+2](C3=NN=C(S3)NC(c3ccc(Cl)cc3)=O)(=O)=O)CC2)cc1,-15.408
c1cc(c(C=C2Sc3c(N(C)C2=O)cc(C(NCc2c[nH0]ccc2)=O)cc3)cc1)F,-9.606
COc1ccc(CCNC(CSc2[nH0]c([nH]c3c2CCC3)=O)=O)cc1,-11.342
c1ccc(c2[nH0]c(=O)[nH0](c3c2cccc3)CC(Nc2c(CC)cccc2)=O)cc1,-13.84
c1cc2SC(SCC(NN=C3c4c(NC3=O)ccc(c4)Br)=O)=Nc2cc1,-11.554
c1ccc(N(S(=O)=OC2=C(C(Nc3cc(c(cc3)C)C)=O)SC=C2)C)cc1,-14.583
c1cc(c(NC(CSc2[nH0](c3[nH0]c[nH]c(c3[nH0]2)=O)c2ccc(cc2)C)=O)cc1)F,-15.46
n1c(onc1CCN(C(=O)C1CCCCC1)C)c1cc(ccc1)C,-12.718
C(N1CC(N(C(=O)COC)C2CCOCC2)CCC1)(Nc1c(c(Cl)ccc1)F)=O,-11.699
n1(c(nc2c(c1=O)cccc2)c1ccc(C(C)(C)C)cc1)NC(=O)Cc1ccccc1,-13.86
c1([nH]c(=O)cc(n1)CCC(C)C)N1CCN(CC1)Cc1cc2OCOc2cc1,-11.287
n1(ncc(c1)NC(c1cc(Cl)ccc1)=O)C(C)C,-13.182
N1(C(Cc2ccc(Cl)cc2)=O)[C@H](C(N(C[C@H]1COc1ccccc1)C)=O)C,-11.85
CCCCC(NC(c1cc([N+]([O-])=O)c2c(c1O)[nH0]ccc2)c1cc2c(cc1)OCO2)=O,-15.333
CC(OC(C1C(C(NCCc2c3c([nH]c2C)ccc(c3)OC(F)(F)F)=O)CC=CC1)=O)C,-11.651
c1(nc(on1)COc1ccc(F)cc1)C1N(C(c2n(ccc2)C)=O)CCC1,-13.384
C1CC(NC(C2CCC(C[nH0]3c(c4c([nH0](c3=O)Cc3cc(ccc3)Cl)cccc4)=O)CC2)=O)CC1,-13.068
c1(nnn(c1)C[C@H]1N(C(c2c(ccs2)C)=O)CC(C1)(F)F)C(N1CCCC1)=O,-12.539
C1CCC(OC(C2C(CC(NC=2C)=O)c2ccc([N+]([O-])=O)cc2)=O)CCC1,-11.117
C\1(=N\N=C(/NC1=O)\SC(C(Nc1cc(F)ccc1)=O)C)/c1c(NC(=O)C(C)C)cccc1,-13.03
c1cc(c(C(NC2=C(C(c3ccc(Cl)cc3)=O)Oc3c2cc(cc3)Br)=O)cc1)F,-10.038
Cc1ccc(C2=c3c(=NO2)ccc(c3)C(NCc2cc3c(cc2)OCO3)=O)cc1,-13.556
COc1ccc(C(=NOC(c2cc(c(cc2)C)C)=O)N)cc1,-12.898
C(C(=O)NCCC1OC=CC=1)CCN1C(=O)c2[nH0](ccc2)c2c1cc(cc2)Br,-14.422
c1c(NC2=NC([nH0]3c(cc([nH0]c3N2)C)=O)c2ccc(F)cc2)cc(C(F)(F)F)cc1,-10.071
c1c[nH0]c(N(Cc2ccc(C)cc2)C(COc2c(C)c(ccc2)C)=O)cc1,-14.541
c1(C(N2CC(C(NC3(C2)CCCC3)=O)NC(=O)C(C)C)=O)noc(c1)Cn1ncc(c1)C,-13.297
COc1c(c(cc(C=C2N=C(c3cc(c(OC)c(OC)c3)OC)OC2=O)c1)Br)OC(=O)C,-13.674
C1OCCN(c2c(cc3[nH0](c(c(=O)[nH0](c3c2)C)=O)C)NC(C2OC=CC=2)=O)C1,-11.519
COc1c(cc(c2c3C(C(c4cc(c(cc4)C)C)=O)CC(Nc3[nH][nH0]2)=O)cc1)OC,-13.045
c1ccc(c2[nH0][nH0](CCC(=O)NCCCCCCC)c(cc2)=O)cc1,-14.573
c1(cc(c(s1)NC(=O)C(CC)C)C(OCC)=O)[C@H](CC\C=C(\C)C)C,-10.854
CC(c1cc(NC(C2=C(N=C(S2)[nH0]2[nH0]c(c(c2C)Cl)C)C)=O)ccc1)=O,-10.644
n1(c(c(CC(=O)OCC(=O)OC)c2c1ccc(OC)c2)C)C(c1ccc(cc1)Cl)=O,-11.51
CCCN(C(C[nH0]1c(c2C3=C(Sc2[nH0][nH0]1)CCCC3)=O)=O)CCC,-13.071
c1cc(c(OC2C(N(Cc3ccc(F)cc3)C2=O)c2ccc(C(=O)OC)cc2)cc1)C,-14.712
c1cc2N(C(C3(SCC(N3c3ccc(cc3)C)=O)c2cc1)=O)Cc1cc(ccc1)F,-10.636
n1c(n(c2c1cc(NC(c1cc(nc3c1cccc3)c1ccncc1)=O)cc2)C)CCc1ccccc1,-13.038
c1cc(c(N2CCN(C(c3c(c[nH0]c([nH0]3)S(=O)=OCCC)Cl)=O)CC2)cc1)OC,-9.383
c1(nc2c(o1)cccc2)c1cc(NC(=O)CC)ccc1,-15.255
COc1cc2c(c[nH]c2cc1)CCNCCS[S+2](O)(=O)=O,-9.242
c12c(snc1c1ccc(OC)cc1)C(c1cc(Cl)ccc1)CC(N2)=O,-13.823
C(NC(=O)CCN(C(=O)c1nc(sc1)Nc1cccc(Cl)c1Cl)Cc1occc1)(C)C,-9.128
C1CC(c2[nH0][nH0][nH0][nH0]2c2ccc(cc2)C)(CC1)Nc1ccc(C)cc1,-10.184
COCCNC1=C([S+2]([O-])(c2ccc(cc2)C)[O-])N=C(S1)S(=O)=OC,-14.761
c1ccc(S(=O)=ON(CC(Nc2c([N+]([O-])=O)cccc2)=O)c2cc(Cl)c(cc2)Cl)cc1,-10.236
C1(N(CCC1N1CCN(CC1)CCC(C)C)Cc1ncccc1)=O,-10.012
Cc1c[nH0]c(NC(C2CN(S(=O)=OC3=C(ON=C3C)C=CC3SC=CC=3)CCC2)=O)cc1,-13.357
Cc1[nH0]c2SC3C(N(C(C4SC=CC=4)NC=3c2c(c1)C)C(C)(C)C)=O,-14.999
CC(OCCCNC(CCCC1=NC(c2cc(OC)c(cc2)OC)=NO1)=O)C,-13.207
c1ccc(C2N=C(C(=CC3OC(=CC=3)[N+]([O-])=O)C#N)SC=2)cc1,-15.117
c1cc(c(C(=O)OC)cc1)NC(C1Oc2c(C(=O)C=1)c(cc(c2)C)C)=O,-13.411
c1ccc(C2c3c(SC=2)c([nH0](c([nH0]3)SCC(Nc2cc(C(F)(F)F)ccc2)=O)CC)=O)cc1,-14.352
CSc1ccc(CCNC(c2cc3N(CCSc3cc2)Cc2ccc(F)cc2)=O)cc1,-14.653
CC(c1ccc(C=C2c3c(NC2=O)ccc(c3)Cl)cc1)(C)C,-10.253
C/12(\C(=C(/N(/C/3=C1/C(=O)CCC3)c1ccc(C(F)(F)F)cc1)\N)\C#N)C(Nc1c2cc(cc1)C)=O,-13.819
O1C(CNC(=O)c2oc(cc2)COc2ccc3c(c2)C(c2ccc(cc2)C)N(CC3)C(C2CC2)=O)CCC1,-14.95
[C@]12(c3nc(no3)C)C(CN(C1)C(=O)COC)C[C@@H](NC(c1c(ccnc1)C)=O)C2,-11.951
c1(n(c(cn1)C)CC1CCN(C(CCc2c(n(nc2C)C)C)=O)CC1)c1cnccc1,-9.134
C1(N(Cc2ccccc2)CCN2C1CCN(C(CC1CC1)=O)CC2)=O,-15.003
n12c(nc(n1)NCc1ccc(cc1)OC)N/C(=C\C2=O)/CNc1c(F)cccc1,-14.969
c1cc(c(OCC(OCc2[nH0]c3[nH0](C4=C(S3)CCCC4)c(c2)=O)=O)cc1)Cl,-11.359
Cc1ccc(N2C(c3c(NC2=S)ccc(c3)Br)=O)cc1,-10.132
C(NC(=O)Cc1n2c(sc1)nc(c(c2=O)c1nn(c(c1)C)c1ccccc1)C)CCCCC,-13.111
c1cc(c(C=C2Cc3c(C2=O)cccc3)cc1)OC,-9.895
c1ccc(COC(C2c3c(OC=2C)ccc(NS(=O)(c2ccc(C(C)C)cc2)[O-])c3)=O)cc1,-12.099
Cc1ccc(C2C(=NC3(CCN(C)CC3)N=2)SCC(Nc2ccc(Cl)cc2)=O)cc1,-11.626
C1(N(c2ccc(NC(c3occc3)=O)cc2)CCCN1Cc1cc(c(cc1)Cl)Cl)=O,-11.416
N1(C(c2cnc(cc2)C)=O)C(CN(c2cc(C(F)(F)F)c(C#N)cc2)CC1)COC,-11.213
CC1CCN(S(=O)=Oc2[nH0]c[nH0](c2)CC(Nc2cc(SC)ccc2)=O)CC1,-12.81
c1c(C=C(C(C(C)(C)C)=O)[nH0]2[nH0]c[nH0]c2)cc([N+]([O-])=O)cc1,-14.573
COc1cc(NC2=C(C(NCc3cc(ccc3)OC)=O)C(=C(C(c3ccc(F)cc3)=O)S2)N)ccc1,-10.579
c1cc2[nH0]c(SCC(NN=Cc3c(c(c(cc3)OC)OC)OC)=O)[nH0](c2cc1)C,-14.957
Cc1ccc(C(ON=C(c2ccc(Cl)cc2)N)=O)cc1,-13.016
C1OCCN(CCCNC(C[nH0]2[nH0]c(c([N+]([O-])=O)c2C)C)=O)C1,-12.536
C1OCCN(C(c2[nH0][nH0](c3c2CN([S+2]([O-])(c2ccc(F)cc2)[O-])CC3)C)=O)C1,-12.089
C1Cc2[nH0]c3c(c(c2CC1)c1ccc(Cl)cc1)C(=C(S3)C(=O)N)N,-10.639
CCOC(C1C(N2C(C(=Cc3cc(O)c(cc3)OC)SC2=NC=1C)=O)c1c(OC(C)C)cccc1)=O,-14.64
C/1(=N/C(/C=C(\N1)/C)=O)\Nc1nc2c(c(n1)C)cc(cc2C)C,-13.251
n1c(noc1c1cc(N(C)C)ccc1)c1ccc(N2CCCC2)cc1,-13.238
n1c(C(Nc2c3c4c(CCc4cc2)ccc3)=O)ccc2c1cccc2,-11.711
c1cc(c(NC(C2=Cc3c(OC2=Nc2ccc(OCC)cc2)c([nH0]cc3CO)C)=O)cc1)OC,-9.482
Cc1[nH0]c2N=C(Oc2cc1)SCC(Nc1ccc(F)cc1)=O,-13.078
n12c(N/C(=N\C1c1c[nH]c3c1ccc(c3)OC)/N)nc1c2cccc1,-15.583
S(c1c(nc(nc1N)C)Nc1cc(ccc1)C)(=O)(=O)c1ccccc1,-12.355
c1ccc(CCNC(C2=C(c3c(S2)[nH0]c[nH0]c3N(C2CCCCC2)C)C)=O)cc1,-12.69
c1cc(c(C[nH0]2c([nH0](CCCCC(Nc3ccc(F)cc3)=O)c(c3c2cccc3)=O)=O)cc1)F,-13.966
CC1c2[nH0](C=CC=1)c(cc([nH0]2)COc1ccc(NC(=O)COc2ccc(Cl)cc2)cc1)=O,-12.952
c1(ncc(n1CCNC(c1cc(c(cc1)OC)F)=O)C)c1ccncc1,-11.658
c1cc2[nH]c(c(CCNS(=O)=Oc3cc(C(C)C)ccc3OC)c2cc1)C,-14.665
c1cc(c(N=C(NC(c2ccc(Br)cc2)=O)NCCc2c[nH]c3c2cccc3)cc1)OC,-9.985
CC[nH0]1c(c(C2N=C(C(NCc3cc(ccc3)OC)=O)ON=2)[nH0][nH0](c1=O)c1ccc(cc1)C)=O,-9.747
CCCC1N=C(c2cc(S(=O)=ONC(C)C)ccc2OC)ON=1,-13.939
CCCCOc1ccc(Nc2c3cc(C(=O)OC)ccc3[nH0]c(c2)C)cc1,-11.652
c1(c(ccc(c1)OC)OC)CN,-9.252
c1(cc(on1)c1sccc1)C(N(c1c2c(nccc2)c(cc1)OCCC)[H])=O,-14.805
c1cc2N(C=C3C(N(CC(Nc4cc(C)ccc4)=O)N=C3c2cc1)=O)Cc1cc(F)ccc1,-10.555
COc1c2OC3(N(C(N(C(c4cc(c(OC)c(OC)c4)OC)=O)C(C3)c2ccc1)=S)c1ccc(Cl)cc1)C,-13.726
c1(C)c(c2ccc(cc2)F)n(nc1c1oc(nn1)C)c1ccc(cc1)C(=O)N(C)CCCC,-14.238
c1ccc(N2CCN(CCNC(C3CCN(S(=O)=Oc4c5[nH0]cccc5ccc4)CC3)=O)CC2)cc1,-15.512
c1cc(C=CC2=C(S(=O)=ON3CCC(C(Nc4ccc(NC(=O)C)cc4)=O)CC3)C(=NO2)C)c(F)cc1,-10.621
c1cc2[nH0]c(CCc3cc(NC(c4cc(OC)ccc4)=O)ccc3)[nH0](c2cc1)C,-10.85
N1(C(c2occc2)=O)[C@@]([C@@]2([C@@]3([C@](C1)(CCCN3CCC2)[H])[H])[H])(CCCC(N1CCOCC1)=O)[H],-9.861
c1ccc(CCNC(C2CC(N(CCCOCC)C2)=O)=O)cc1,-14.736
c12n(c(c(nn1)C(=O)OCC)/C=C/N(C)C)nc(n2)CC,-10.516
c1(nc(C)nn1C)c1c(O)cccc1,-10.175
C1CCN(c2[nH0][nH0]c(N3CCC(C(=O)NCCc4c5c([nH]c4)ccc(c5)Cl)CC3)cc2)CC1,-13.969
CCOCCCN(C1CCN(C(C2Oc3c(C=2NC(c2c(F)cccc2F)=O)cccc3)=O)CC1)C,-15.345
C1CCC(COC(C2C(c3c(cc(cc3)Cl)Cl)CC(NC=2C)=O)=O)CC1,-14.841
n1c([C@H]2N(C[C@@H](NS(=O)(=O)C)C2)CC(CC)CC)[nH]nc1c1ccccc1,-11.349
n1c(c2n(CC(Nc3ccc(cc3)Cl)=O)ccc2)onc1c1cc2OCOc2cc1,-12.048
N1(CC2(C(C1)CO)CCNCC2)Cc1c(C(F)(F)F)cccc1,-13.077
C1CCC(NC(c2[nH0](c3[nH0]c4[nH0](c(c3c2)=O)C=CC=C4C)C)=O)CC1,-14.17
c1c(cc(C(=O)Oc2ccc(C=NNC(c3ccc(F)cc3)=O)cc2)cc1)Cl,-14.76
CCCCc1ccc(N2CC(C(NC3SC4=C(C=3C#N)CCCC4)=O)CC2=O)cc1,-14.876
N1(C(=O)CC)CCC(Cc2ccc(CN3CCCC3)cc2)CC1,-13.526
Cc1ccc2oc(nc2n1)N1CCN(CC1)C(=O)CCc1onc(n1)c1ccccc1,-12.966
c1cc(c(C2NC(N=C(C2)c2ccc(cc2)C)c2ccc(Br)cc2)cc1)O,-10.904
N1(C(COc2cc(ccc2)C)=O)CC(N(C(=O)COC)C2CCOCC2)CC1,-13.721
c1cc(c(NC(CSCc2[nH0]c3[nH0](C=C(C=C3)C)c(c2)=O)=O)cc1)Cl,-14.221
c1c(CSc2[nH0][nH0]c(C3=C(N=C(S3)C3SC=CC=3)C)cc2)ccc(F)c1,-15.348
Cc1cc(c(N=CC2OC(c3cc([N+](=O)[O-])ccc3C)=CC=2)cc1)C,-15.058
C12(C(c3nc(no3)C)CN(C1)Cc1ccccc1)CN(C(Cc1cc(OC)ccc1)=O)C2,-10.609
CCN(c1ccc(C2C(C(OC(C)C)=O)=C(C)NC3=C2C(=O)CC(C3)c2ccc(Cl)cc2)cc1)CC,-12.931
Cc1cc(NC(c2ccc3[nH0]([nH0][nH0]c3c2)C(C)C)=O)ccc1,-12.008
c1cc(c(C=C2Sc3c(NC2=O)cc(C(NCC(OC)OC)=O)cc3)cc1)F,-12.606
c1cc(c([nH0]2c3[nH0]c([nH]c(c3c[nH0]2)=O)SCC(Nc2ccc(C(=O)N)cc2)=O)cc1)OC,-13.871
Cc1c(cc(NC2=NC(c3ccc(S(=O)=ON4CCOCC4)cc3)=CS2)cc1)C,-15.418
c1cc([nH0]cc1)SCCNC(CN(S(=O)=Oc1cc(c(cc1)OC)OC)c1ccc(cc1)C)=O,-14.121
c1cc(c(NC(C2=Cc3c(OC2=Nc2ccc(C(=O)OCC)cc2)c([nH0]cc3CO)C)=O)cc1)F,-12.018
CCc1ccc(CNc2[nH0]c3[nH0]([nH0]2)C(C(=C(N3)C)C)=O)cc1,-12.757
c1cc(c(CN2C(c3c(C2Nc2c(C(=O)OCC)cccc2)cccc3)=O)cc1)Cl,-9.484
N1(C(C2C3(c4ccccc4C(C2C1=O)c1ccccc31)C(=O)C)=O)c1cc2OCOc2cc1,-11.262
c1ccc(C(NCC(Nc2cc(C3N=C(ON=3)C3CC3)ccc2)=O)=O)cc1,-15.191
c1c(Br)ccc(NC(C2CCN(S(=O)=OC3SC=CC=3)CC2)=O)c1,-9.787
C1CCC(N2C(c3[nH0]c4c(c(c3C2)C(Nc2cc(C)cc(C)c2)=O)cccc4)=O)CC1,-14.797
n1(c(nc(cc1=O)C)N(Cc1ccccc1)C)CC(Nc1c(C)cccc1)=O,-12.318
Clc1cccc(c1)S(=O)(=O)N1CCC(CC1)c1onc(n1)c1ccc(cc1)N(C)C,-15.438
c1cc2cc3C(N(CCCOCC)C(Nc3cc2cc1)=S)=O,-11.018
n1(c(n(C)c(c2c1nc(c(C(Nc1c(Cl)cccc1)=O)c2)C)=O)=O)C,-13.591
c1ccc(C(Nc2[nH0]c(cc([nH0]2)c2ccc(cc2)C)c2ccc(OC)cc2)=O)cc1,-13.215
c1cc2OC(C(N(Cc3cc(F)ccc3)c2cc1)=O)=Cc1ccc(C(NCc2cc3c(cc2)OCO3)=O)cc1,-15.264
c1cc(c(C(NC(C(NC2C[S+2](CC2)([O-])[O-])=O)=Cc2ccc(OC)cc2)=O)cc1)Cl,-13.52
c1cc(NC(c2ccc3c(c2O)[nH0]c(cc3)C)c2cc(OC)c(cc2)OCC)[nH0]cc1,-12.78
COc1cc(NC(N2CC[nH0]3c(C2c2c(ccc(c2)OC)OC)ccc3)=S)ccc1,-13.458
n1c(oc2c1nccc2)N1CCN(C(c2ccc(cc2)OC)=O)CC1,-12.74
c1cc2c(c(C=C3C(OC(=N3)C=Cc3ccc(C)cc3)=O)ccc2)cc1,-11.33
C(N1CCC(CC1)CCNC(=O)C1CCC1)(Nc1cc(cc(c1)F)F)=O,-11.237
c1cc2[nH0]c(C(c3ccc(Cl)cc3)=O)[nH0](CC(Nc3cc(c(cc3)F)Cl)=O)c2cc1,-12.907
c1cc(c(C=C2C(N(CC(NC3CCC(CC3)C)=O)c3c(O2)cccc3)=O)cc1)Br,-14.517
N1(C(=O)CCc2ccc(cc2)OC)CCC2(CC1)OCCC(OCc1ccccc1)C2,-14.747
c1cc2c([nH0](c3c(cc(cc3)OC)OC)[nH0]c(c2cc1)C(N1CCN(c2ccc(OC)cc2)CC1)=O)=O,-15.542
c1ccc(C(NC2SC(C(Nc3c(F)cccc3)=O)=C(C=2C(=O)OCC)C)=O)cc1,-12.096
Fc1ccc(CN2C(=O)c3cccnc3C2=O)c(c1)S(=O)(=O)N(C)C1CCCCC1,-14.168
c1cc(c(NC(C[nH0]2c([nH0](Cc3cc4c(cc3)OCO4)c(c3c2ccc[nH0]3)=O)=O)=O)cc1)OC,-9.746
c1cc2N=C([nH0]3c([nH0][nH0]c3c2cc1)C)Nc1c(cc(cc1)F)C,-15.03
N1(C(C2(N(C1)c1ccccc1)CCN(C(=O)NCC)CC2)=O)CC(Nc1ccc(cc1)CC)=O,-14.77
c1cc(c(NC(c2cc3c(N([S+2](CC)([O-])[O-])CC3)cc2)=O)cc1)SC,-11.682
c1ccc(C(N2CCN(c3[nH0]c([nH0]c(c3C#N)c3ccc(cc3)C)SC)CC2)c2ccccc2)cc1,-13.278
CCOCCOC(C1=C(NC2=C(C(CC(C2)C2SC=CC=2)=O)C1C1OC(C)=CC=1)C)=O,-12.703
C1CCC(NC(NCC(N2CCc3c2cccc3)c2ccc(N(C)C)cc2)=O)CC1,-9.352
c1ccc(c2[nH0](CCC(=O)NCCc3ccc(C)cc3)c(c(C(=O)C)c2)C)cc1,-9.445
COc1cc(N(C2SC3C(N=2)CS(=O)=OC3)Cc2c(cc(cc2)F)Cl)ccc1,-14.652
n1(c(nnc1COc1ccc(cc1)OC)SCC(c1cc2c(OCCO2)cc1)=O)c1ccccc1,-11.583
c1(\N=C\2/NCN(CN2)Cc2occc2)nc2c(c(n1)C)cccc2OCC,-15.216
C1CCC(N2CCN(CC2)CCCNC(Nc2ccc(Cl)cc2)=O)CC1,-10.282
c1cc(c2[nH0]c3[nH0](C(=Nc4c3cc(c(c4)OC)OC)NCCc3cc(c(cc3)OC)OC)[nH0]2)c[nH0]c1,-9.956
Cc1cc2N=C(c3cc(N=Cc4c(c(cc(c4)Cl)Cl)O)ccc3)Oc2cc1,-11.82
c1ccc([nH0]2c3c(c([nH0]4[nH0]c(cc4NC(=O)COc4ccc(OC)cc4)C)[nH0]c[nH0]3)c[nH0]2)cc1,-12.911
c1ccc(CN2CCN(Cc3[nH0](c4c([nH0]3)cc(NC(c3c(OC)cccc3)=O)cc4)C)CC2)cc1,-12.693
CC[nH0]1c2c([nH0](c([nH0](c2c([nH0]1)C)CC(Nc1ccc(C)cc1)=O)=O)Cc1ccc(F)cc1)=O,-9.191
c1cc2c(c(CC(NN=Cc3c(c(cc([N+](=O)[O-])c3)Br)O)=O)ccc2)cc1,-14.217
c1cc(c(C2=NOC(=C2C(NCC23CC4CC(CC(C4)C2)(c2cc(c(cc2)C)C)C3)=O)C)cc1)Cl,-9.683
N(C(=O)Nc1c(cc(cc1Br)C(C)C)Br)CC(N1CCC(CC1)C(Nc1ccc(cc1)OC)=O)=O,-15.104
CCN(C(c1ccc(c(NS(=O)=Oc2ccc(NC(=O)C)cc2)c1)N1CCNCC1)=O)CCN(C)C,-12.18
C1OCCN(CCCN(C(=O)c2ccc(C#N)cc2)CCC(N2CCNCC2)=O)C1,-11.513
c1ccc(S(=O)=ON(c2c(cc(cc2)Cl)Cl)CC(Nc2c(OC)cccc2)=O)cc1,-9.449
CCOc1ccc(CNCCCSc2[nH0][nH0][nH0][nH0]2C)cc1,-14.854
CCC1=NC(c2ccc(C(Nc3cc(Cl)ccc3C)=O)cc2)=NO1,-10.453
N1(c2ncccn2)C[C@@H](C(Nc2cnc(cc2)OC)=O)[C@@H](C1)COC,-13.148
CC1CC2SC(NC(=O)Cc3ccc(Cl)cc3)=NC=2CC1,-10.996
c1(C(Nc2c(cc(cc2Br)F)Br)=O)n(ncc1Br)CC,-10.915
COC(C1=C(NC(c2cc(C[nH0]3[nH0]c(c(c3C)Cl)C)ccc2)=O)SC2=C1CCC2)=O,-13.748
c1cc(c(NC(NCC2CN(CC2)c2ccc(OC)cc2)=S)cc1)C,-15.4
c1cc(c(C=NNc2[nH0]c(N3CCC(CC3)C)[nH0]c([nH0]2)Nc2c(c(C)ccc2)C)cc1)F,-13.846
CCc1ccc(N2CC(C3SC(NC(c4cc(NC(=O)CC)ccc4)=O)=NN=3)CC2=O)cc1,-9.312
c1cc(c(Cc2c([nH0][nH0](c3[nH0]c(cc([nH0]3)C)C)c2O)C)cc1)C,-15.339
COc1c(cc(NC(CC2C(N=C(NC(c3c([nH]c([nH]c3O)=O)=O)c3ccc(O)cc3)S2)=O)=O)cc1)OC,-10.529
c1ccc(CCOC(C2=C(NC3=C(C(CC(C3)C3SC=CC=3)=O)C2C2OC(=CC=2)C)C)=O)cc1,-13.725
Cc1ccc(C2=NC(C(S2)=Cc2c(cc3c(OCO3)c2)Br)=O)cc1,-14.336
c1ccc(c2[nH0]c(N3C(CC(=N3)c3ccc(Br)cc3)c3ccc(F)cc3)[nH0]c3c2cc(cc3)C)cc1,-12.837
C1CCN(C(C[nH0]2c(c3c(c([nH0]2)c2ccc(Cl)cc2)cccc3)=O)=O)CC1,-12.971
c1c(cc(C(Nc2cc3N=C(Oc3cc2)c2c(c(ccc2)Cl)Cl)=O)cc1)F,-14.792
CCCCC(NCCC1N=C(c2ccc(cc2)C)SC=1)=O,-12.143
C1CCN(CCCNC(CN2c3c([nH0]4cccc4C2=O)ccc(c3)F)=O)CCC1,-9.292
c1cc2c(c3[nH0](c4cc(ccc4)Cl)[nH0]c(c3c[nH0]2)c2ccc(Cl)cc2)cc1,-9.915
COc1c(C[nH0]2c(c(C(Nc3cc(SC)ccc3)=O)[nH0][nH0]2)N)cc(cc1)Br,-11.087
COc1c(cc2C(N(CCc2c1)C(CC1SC=CC=1)=O)COc1cc2c(C(=CC(O2)=O)C)cc1)OC,-11.553
C(C(N(C(=O)CCl)CCc1cc(c(cc1)OC)OC)c1ccc(cc1)OC)(NC1CCCCCC1)=O,-11.788
c1ccc(Nc2c3c(C(c4c(C3=O)cccc4)=O)c3Nc4c(Oc3c2)cc(Cl)cc4)cc1,-14.137
c1(nc(on1)C1CCC1)C1N(CC2(C1)CCN(C(=O)C)CC2)C,-12.456
n1(c(nnc1SCc1nc(oc1C)c1ccc(cc1)Cl)c1ccccc1)CC=C,-9.493
c1(ccccc1)C(N1CC(C(C1)C(N(C)CC)=O)c1cccc(c1)C(F)(F)F)=O,-9.329
COc1c(cc(C=CC2=NC(=C(O2)N2CC(CC(C2)C)C)C#N)cc1)OC,-15.321
CC(c1ccc(S(=O)=ON2CCN(Cc3cc(ccc3)F)CC2)cc1)C,-14.453
CCc1ccc(NC(C[nH0]2c3c(cc(c2=O)CNc2ccc(OC)cc2)cc2c(c3)OCCO2)=O)cc1,-11.915
c1cc2c(S(=O)=ON(CC(Nc3c(cc(cc3C)C)C)=O)c3c2cc(cc3)Br)cc1,-12.17
c1cc2c(C(N(c3ccc(C(NCc4ccc(OC)cc4)=O)cc3)C(=S)N2)=O)cc1,-14.703
c1(nc(on1)C(C)C)C1N(CC2(C1)CCN(C(NCc1ccccc1)=O)CC2)C,-15.145
CCCCN1c2[nH0]c3[nH0](c(c2C=C(C1=NC(c1ccc(C(F)(F)F)cc1)=O)C(=O)OCC)=O)C=CC=C3,-9.121
CC(c1ccc(c2[nH0][nH0]c(SCC3=NC(c4ccc(C(F)(F)F)cc4)=NO3)cc2)cc1)C,-12.518
C1CCC(NC(N(CC2=NC(c3ccc(Cl)cc3)=NO2)C(C)C)=O)CC1,-12.025
c1cc2[nH0](CC(Nc3c(cc(cc3)C)Br)=O)c3c(c(c2cc1)=O)ccc(c3)Cl,-9.555
Cc1cc(c(NS(=O)=Oc2cc(C3N=C(ON=3)C)ccc2)cc1)C,-14.434
N1(C(C(NC2CC2)=O)CC2(C1)CCN(C(C1CC1)=O)CC2)c1cc(C(F)(F)F)c(C#N)cc1,-14.944
c1ccc(C2N=C(ON=2)CCCC(NC2SC(=NN=2)C)=O)cc1,-10.602
C12=C(N(CC(Nc3ccc(C(F)(F)F)cc3)=O)C(NC1c1ccc(cc1)C)=O)COC2=O,-11.121
c1cc2c(CN(C(C[nH0]3c(c4[nH]c5c(c4[nH0]c3)cc(cc5)Br)=O)=O)CC2)cc1,-10.254
c1cc2[nH0]c(C3CN(c4c(ccc(c4)C)C)C(=O)C3)[nH0](c2cc1)CC,-15.552
n1c(onc1CCC1CN(C(CCc2c(onc2C)C)=O)CC1)C1CC1,-13.814
N1(C(N(c2c1nccc2)C)=O)[C@@H]1CN(C(c2cnc(cc2)C)=O)CCC1,-14.658
c1c[nH0]c(N(C(C2Oc3c(C(C=2)=O)cccc3)=O)Cc2cc(c(cc2)OC)OC)cc1,-15.068
S(c1cc(ccc1F)F)(N1Cc2c(nn(c2CC1)C)CN(C(c1ccc(cc1)C)=O)c1ccccc1)(=O)=O,-14.626
CCC1Sc2c(C=1)c(N1CCC(C(Nc3cc(c(cc3)OC)OC)=O)CC1)[nH0]c[nH0]2,-11.627
c1cc(c(NC2=NC(=C(C(c3c(cc(cc3)C)C)=O)S2)N)cc1)C,-14.647
c1cc2c(CN(C(Nc3c(cc(cc3)OC)OC)=O)CC(C)C)cc([nH]c2cc1)=O,-15.593
CC[nH0]1c2c(cc(S(=O)=ON3CCN(C(Nc4cc(ccc4C)Cl)=O)CCC3)cc2)cc1,-9.112
c1ccc(CCC(N2C(C3C(=NOC=3C)C)CCC2)=O)cc1,-12.142
c1cc(c(Nc2c3c([nH0]c4c2CCC4)cccc3)cc1)OC,-12.949
n1c(onc1c1cc(ccc1)C)C1N(C(/C=C/c2ccc(cc2)C)=O)CCC1,-10.81
C1OCCN(CC(c2ccc(Cl)cc2)C(O)(c2ccc(Br)cc2)CC=C)C1,-11.142
c1ccc([nH0]2c(OC(c3c(c(OC)ccc3)OC)=O)c(Sc3c([N+]([O-])=O)cccc3)c([nH0]2)C)cc1,-9.256
Cc1ccc(C=Nc2cc3Cc4cc([N+](=O)[O-])ccc4c3cc2)cc1,-14.813
c1ccc(N(S(=O)=Oc2ccc(NC(c3[nH0]c(SCC)[nH0]cc3Cl)=O)cc2)CC)cc1,-12.553
c1c(cc(NC(=O)CC(C(=O)O)NCCCN2CCOCC2)cc1)Cl,-11.202
CCOc1ccc(C(NCC(S(=O)=Oc2ccc(OC)cc2)C2OC=CC=2)=O)cc1,-9.203
c12C(OC(C3c4c(c5c(cc4CCN3C)OCO5)OC)c1ccc(c2OC)OC)=O,-11.669
C(Nc1ccc(C(=O)OCC)cc1)(c1ccc(NC(=O)C)cc1)=O,-12.531
COC(C1S(=O)=Oc2c(N(c3cc(ccc3C)F)C=1)cc(cc2)F)=O,-13.359
CC(c1ccc([nH0]2c(ccc([nH0]2)SCC(Nc2cc(ccc2)C(=O)C)=O)=O)cc1)C,-15.334
COc1c(OC(C2Sc3c(C=2)c([nH0][nH0]3C)c2ccc(Cl)cc2)=O)ccc(c1)Cl,-15.346
N1(C(N(C(C1=O)CC(Nc1ccc(Cl)cc1)=O)Cc1ccc(Cl)cc1)=S)CC,-14.918
c12n(nc(c1C)c1ccc(cc1)C)c(cc(n2)C)NCCc1ccccc1,-12.68
CC(NC(C1C=C(ON=1)C1CC1)=O)COC,-13.283
c1cc(c(C(Nc2ccc(OCc3[nH0]c4[nH0](C=CC=C4)c(c3)=O)cc2)=O)cc1)F,-9.514
Cc1c(NC(CCc2c([nH0](c3[nH0][nH0]c(cc3)N3CCOCC3)[nH0]c2C)C)=O)cc(F)cc1,-14.568
C(C(=O)O)C(c1ccccc1)NCCC(c1ccc(cc1)OCCC)=O,-9.216
c1cc([N+]([O-])=O)c(C=C2N=C(c3cc(C)c(cc3)C)OC2=O)cc1,-9.875
CSc1cc(NC(c2ccc3c(NC(=O)CO3)c2)=O)ccc1,-12.374
N(C(=O)N(Cc1c(ccc(Cl)c1)OS(c1ccc(NC(=O)C)cc1)(=O)=O)Cc1ccc(cc1)F)C(C)C,-14.587
N1(/C(/SC(CC1=O)C(Nc1ccc(Cl)cc1)=O)=N\c1ccc(cc1)OC)Cc1cc(c(cc1)OC)OC,-14.061
N1(C(=O)CC)CCC2(OCCC(C2)OCC(N(C)C)=O)CC1,-9.59
n1(c2ccc(OC)cc2)c2c(c(C(C)(C)C)n1)C(SCC(N2CC(=O)NCc1ccc(cc1)F)=O)c1c(cc(cc1)F)F,-15.087
CCOC(CNC(CSc1[nH0](c2c(c(C)ccc2)C)c(Cc2[nH0](ccc2)C)[nH0][nH0]1)=O)=O,-15.336
N1(C(=O)COCc2ccccc2)CCC2(OCCC(C2)OCCOC(C)C)CC1,-14.414
C1(N/C(=C(\N1c1ccc(cc1)C)/C=N/NC(c1cc(c(c(c1)OC)OC)OC)=O)/Cl)=O,-12.612
n1c(onc1CC1CN(C(c2cc(ccc2)C)=O)CC1)c1ccccc1,-11.545
Cc1cc(C=Nc2ccc(NC(=O)C)cc2)ccc1,-12.674
N(CCOC)(CC(=O)N1C(CC(c2n(ccc2)C)=N1)c1ccc(cc1)Cl)C(C1CCC1)=O,-12.168
CCOc1ccc(C(NCC[nH0]2c3c(c(SCC(Nc4c(ccc(c4)C)C)=O)c2)cccc3)=O)cc1,-9.903
COC(=O)C1CNCCN1,-11.681
c1ccc(C(NC2=NC(=NS2)SC)=O)cc1,-13.848
N1(C(=O)C2CCCCC2)CCC2(OCCC(C2)CCOCc2ccccc2)CC1,-9.834
c1cc2Sc3c(N(C(CSc4[nH0]c5c([nH]4)ccc(c5)C)=O)c2cc1)cccc3,-15.27
c1ccc(C2=N[nH0]3c(cc([nH0]c3S2)CSc2[nH]c([nH0][nH0]2)c2cc(ccc2)C)=O)cc1,-15.32
Cc1ccc(C2N=C(c3[nH0][nH0][nH0](c4cc(ccc4)F)c3N)ON=2)cc1,-11.264
c1(sc2c(n1)cccn2)N1CC(C(Nc2cc(C(=O)C)ccc2)=O)CCC1,-13.884
[C@@]12(c3nc(no3)C)CN(C(c3[nH]nc(c3)C)=O)CC1C[C@@H](NS(=O)(=O)CC)C2,-15.345
CCOc1cc(C=C2C(N(C)C(=O)S2)=O)ccc1OCc1ccc(C(=O)O)cc1,-11.347
COc1c(OC)cc(CNC(c2c(cc(N3S(=O)=OCC(C3=O)C)cc2)Cl)=O)cc1,-14.03
c1cc([N+]([O-])=O)c(C2=CC=C(O2)C(Nc2cc3N=C(c4cc(F)ccc4)Oc3cc2)=O)cc1,-10.479
c1ccc(N2c3[nH0]c([nH0](c(c3SC2=S)=O)C)SCC(Nc2c(cccc2C)C)=O)cc1,-15.431
CC(c1ccc(C2Oc3c(C(C=2)=O)cc(NC(c2ccc(Cl)cc2)=O)cc3)cc1)(C)C,-14.26
n1n(c(cc1C(Nc1nccs1)=O)c1ccncc1)c1ccc(cc1)F,-12.829
c1ccc(C(NC2Sc3c(N=2)c(cc(c3)NC(Nc2ccc(OC)cc2)=O)OC)=O)cc1,-11.297
Clc1ccc(S(=O)=OC(C2SC=CC=2)CNC(C2OC=CC=2)=O)cc1,-11.182
C1CN(C2=C(N(C(=O)C)c3ccc(I)cc3)C(c3c(C2=O)cccc3)=O)CC1,-14.837
CCc1ccc(NC(N(C2SC=C(N=2)c2ccc(cc2)C)CC)=O)cc1,-15.411
CCOC(c1c(C(=O)OCC)[nH0](CC(Nc2c([N+]([O-])=O)cccc2)=O)[nH0][nH0]1)=O,-10.611
S(c1sccc1)(N[C@H]1[C@@H](CN(C1)Cc1ccccc1)CN(C)C)(=O)=O,-9.731
c1cc2[nH0](CC(Nc3cc4c(cc3)OCO4)=O)cc(c(c2cc1)=O)S(=O)(c1ccc(cc1)C)[O-],-11.988
c1ccc(cc1n1nc(cc1CCC(C)C)c1nnc(o1)C)C(=O)NC1CCCC1,-14.479
c12c(/C(=N\N(C1=O)CC(Nc1ccc(cc1)OCC)=O)/c1cc(OC)ccc1)c(on2)C,-15.315
CC1CCN(C(C2=C(ON=C2c2c(Cl)cccc2Cl)C)=O)CC1,-12.399
CCc1cc2c(N(S(=O)=Oc3c2cccc3)CC(=O)NCCSCC2OC=CC=2)cc1,-9.923
CCN(CCCNC(c1ccc(CN2CC(N3CCCC3C2=O)=O)cc1)=O)CC,-10.169
C1(=NOC(c2c(c3OCOc3c(c2)OC)OC)C1C)C(=O)OC,-9.126
[C@@]12(CN(C(=O)C3CCCC3)CC[C@H]1CN(C2)c1cc(C(F)(F)F)c(C#N)cc1)COCC,-11.245
c1ccc(C2=NC(=NO2)CNC(=O)CC2CCCC2)cc1,-11.331
COc1cc(NC(CCC(Nc2c(ccc(c2)OC)OC)=O)=O)c(OC)cc1,-9.413
C1CCC(NC(CSc2[nH0](CC3OCCC3)c(c3c([nH0]2)cccc3)=O)=O)CC1,-11.635
c1(c(C(=O)OCC)cnc2c1cc(c(c2)F)F)Nc1ccc(C(=O)O)cc1,-11.27
c1(n(nc(c1)C)C)C(N1CCC(Cc2ccc(CCC(=O)N)cc2)CC1)=O,-13.648
Cc1cc(cc(NC(C[nH0]2cc(C(=O)c3cc[nH0]cc3)c(=O)c3c2ccc(c3)Br)=O)c1)C,-12.574
COc1c(cc(NS(=O)=Oc2ccc(C=CC3=C([N+]([O-])=O)C(=NO3)C)cc2)cc1)Cl,-11.956
C1CCc2c3cc(S(=O)=ON4CCOCC4)ccc3[nH]c2CCC1,-9.247
N1(C(c2ccccc2C1=O)=O)Cc1cc2CCCN(S(c3ccc(cc3)C)(=O)=O)c2cc1,-10.407
n1(c2ccc(C)cc2)c2c(c(c3ccccc3)n1)C(SCC(N2CC(=O)NCCOC)=O)c1cscc1,-15.117
N1(C(c2c(cc(cc2)C)C)=O)C[C@H]([C@@H](C1)COC)C(=O)NC,-11.33
c1(c2c(n(n1)CCOC)CCOC2)C1N(Cc2cc(c(cc2)F)F)CCC1,-13.138
CC(=NNc1[nH0]c([nH0]c([nH0]1)N1CCOCC1)N1CCOCC1)C,-10.041
c1cc2c(C3=NC(=NO3)c3cc(C(F)(F)F)ccc3)[nH0][nH0](c(c2cc1)=O)c1ccc(cc1)C,-14.673
CCCCc1c([nH0](C2=NC(=C(C(Nc3ccc(F)cc3)=O)S2)C)[nH0]c1C)C,-9.933
n1(c(n(c2cc(c(cc2)OC)OC)nc(C(=O)N2CCCC2)c1=O)=O)Cc1c(cccc1)Cl,-10.814
c1(oc(nn1)c1ccccc1)C1N(C(c2cnc(cc2)OC)=O)CCCCC1,-10.345
CC(CN1C(C(SC1=S)=Cc1c([nH0]2C=C(C)C=Cc2[nH0]c1NCc1ccc(OC)cc1)=O)=O)C,-14.725
Cc1c(NC(CSC2OC(=NN=2)c2cc[nH0]cc2)=O)c(C)ccc1,-13.22
C(Nc1cc(c(Cl)cc1)Cl)(O\N=C(/Cl)C(C)C)=O,-13.929
CCOC(C(OCC(F)(F)F)(C(F)(F)F)NC(NC1=C(C2=C(S1)CCCC2)C(=O)OC)=O)=O,-15.464
S(N1CCC2(OCCC(CC(NCc3ccccc3)=O)C2)CC1)(c1cc(F)ccc1)(=O)=O,-14.812
CCCN1C(=NS(=O)=Oc2c1ccc(C(Nc1c(c(ccc1)Cl)C)=O)c2)C,-11.558
CC1CCN(S(=O)=OC2C(Oc3c(C=2)cc(C(=O)OC)cc3)=O)CC1,-10.077
c1(cc(F)ccc1)C(N(Cc1ccc(c(OS(C)(=O)=O)c1)OC)Cc1occc1)=O,-10.714
c1(c2oc(nn2)c2occc2)c(n(nn1)c1c(cc(cc1)C)C)C,-9.368
c1cc(c(N2CCN(S(=O)=Oc3c[nH0](CC(N(c4cc(Cl)ccc4)CC)=O)c(c4c3cccc4)=O)CC2)cc1)F,-11.6
CC(=NNC(c1[nH][nH0]c(c1)C(C)(C)C)=O)c1ccc(Cl)cc1,-13.09
C=1(\C(N\C\2=C(/C1)\C(CC(c1occc1)C2)=O)=O)/C(Nc1c(ccc(c1)C)C)=O,-11.581
COc1c(cc(N2CC(CC2=O)NC(c2c(Cl)cccc2F)=O)cc1)OC,-9.92
c1ccc([nH0]2c([nH0](Cc3ccc(Cl)cc3)c(c3c2[nH0]c(cc3C)C)=O)=O)cc1,-13.305
c12/C=3/N(\C=N/c1oc(c2C(Nc1noc(c1)C)=O)C)CC(\N3)CC,-11.266
S(N1CCC2(OCCC(CC(N3CCOCC3)=O)C2)CC1)(c1ccc(C#N)cc1)(=O)=O,-9.194
c1([C@@H]2[C@H](CN(C2)C(Cc2cc(OC)ccc2)=O)CN(C)C)nnc(o1)C,-10.742
C1COC(CNC(NC(c2cc(c(cc2)OC)OC)=O)=Nc2ccc(C)cc2)C1,-11.537
c1ccc(C2C(=C(ON=2)C)C(Nc2ccc(S(=O)=ON)cc2)=O)cc1,-12.054
S(NC(Nc1nc(C(F)(F)F)cc(n1)c1ccccc1)=O)(c1c(cc(cc1)F)F)(=O)=O,-10.858
S(c1cc2OC(N(c2cc1)Cc1nc(on1)CC)=O)(Nc1cc(c(cc1)OC)Cl)(=O)=O,-11.387
c1(ccccc1)NC(N(CC(N(Cc1oc(cc1)C)CCc1ccccc1)=O)CCCOC)=O,-10.874
c1cc2SC(c3cc(c(NC(c4c(c(ccc4)C)OC)=O)cc3)C)=Nc2cc1,-13.466
c1ccc(C2C3C(CC(C4SC=CC=4)CC=3NC(C2)=O)=O)cc1,-12.88
COc1ccc(C[nH0]2c(c[nH0]c2SCC(Nc2cc(c(cc2)C)Cl)=O)CO)cc1,-11.606
C1CC([nH0]2c(=O)[nH]c3cc(C4N=C(ON=4)CNC(C4OC=CC=4)=O)ccc32)CC1,-12.566
c1ccc(C(C2C(c3c(OC2=O)ccc(c3)Br)C(C(c2ccc(cc2)C)=O)C)=O)cc1,-15.405
c1ccc([S+2](c2c[nH0](c3[nH0]c(C)ccc3c2=O)CC(Nc2cc(c(cc2)OC)Cl)=O)([O-])[O-])cc1,-10.532
c1ccc(CNc2c3c([nH0]([nH0]c3)C)[nH0]c([nH0]2)NCCN2CCOCC2)cc1,-10.235
C1CC2SC(=C(C=2CC1)C(OC(C)C)=O)NC(=O)COc1c(C)cc(cc1)Cl,-9.741
c1ccc(CN2CCN(C(CSc3c(c([nH0][nH]3)C)[N+]([O-])=O)=O)CC2)cc1,-14.862
CC1CCN(CCCNS(=O)=OC2SC(=CC=2)c2[nH0][nH]c(cc2)=O)CC1,-13.579
N1C(C/C(=N\NC(=O)CCCCCCCCCCCCCCCCC)/CC1(C)C)(C)C,-12.166
c1ccc(CCNC(c2c[nH0]c([nH0]c2c2ccccc2)SC)=O)cc1,-15.424
c1ccc(CCNC(Nc2c[nH0]c([nH0]c2O)O)=O)cc1,-12.527
c1ccc(C(CN(S(=O)=OC2SC=CC=2)CCC(N2CCNCC2)=O)C)cc1,-15.378
c1c(cc(CN2S(=O)=OC(=CNC3CC3)C(C3=C2C=CS3)=O)cc1)F,-12.527
c1cc2c(C(N(S(=O)=Oc3ccc(NC(=O)C)cc3)CC2)CC(=O)NCCCOC(C)C)cc1,-12.34
c1cc2C3=c4c(c(cc(c4C(c2cc1)=O)Nc1ccc(C(=O)O)cc1)N1CCC2(OCCO2)CC1)=NO3,-11.413
CCCCCCCc1ccc(C(NNC(=O)c2ccc(Br)cc2)=O)cc1,-10.862
COc1c(NC(CC[nH0]2[nH0][nH0]c3cc(S(=O)=ON(C)C)ccc23)=O)cc(cc1)C,-14.169
N1([C@@H](CCC1)C(=O)NCCNC(c1ccccc1)=O)C(=O)CCCCCCC,-12.999
C1(N(c2ccc(NC(c3c(F)cccc3F)=O)cc2)CCCN1Cc1cc(C(F)(F)F)ccc1)=O,-12.59
c1ccc(CNc2c3c4=C(c5c(C(c4c(c2)NC(C)C)=O)cccc5)ON=3)cc1,-12.076
CCOc1c(OC)cc(CN[S+2](c2c([nH0]3C=C(Sc3[nH0]c2C)C)=O)([O-])[O-])cc1,-14.05
C(Oc1cccc(c1)Cl)c1nc(on1)c1cc2ccccc2cc1,-14.763
C1Cc2c(cc(C3C(C(C=3Nc3ccc(C(=O)OCC)cc3)=O)=O)cc2)CC1,-15.498
C1CCC2C3C(N(C=NC=3SC=2CC1)CCCC)=N,-9.959
C12(C3C(C(N(C3=O)c3cc4c(OCO4)cc3)=O)C(O1)c1ccc(cc1)F)C(c1c(C2=O)cccc1)=O,-15.362
c1ccc(c2ccc(C(N(CCCCN3C(c4c(C3=O)cccc4)=O)c3ccc(cc3)C)=O)cc2)cc1,-12.931
c1cc2c(c(N=C3C(C(=O)N)=Cc4c(O3)cc(c(c4)CCCCCC)O)ccc2)cc1,-11.764
C/1\2=C(/C(N/C(=N1)/SC)=O)\C(c1c(Cl)cccc1)CC(N2)=O,-13.29
COc1c(OC)cc(CCN2C(CC(C2=O)NCc2cc3c(cc2)OCO3)=O)cc1,-10.187
c1ccc(N2CCN(c3c(S(=O)=Oc4ccc(cc4)C)c[nH0]c4c3cc(Cl)cc4)CC2)cc1,-10.774
[N+](c1ccc(C(N2CCCC(OCc3ccc(cc3F)F)C2)=O)cc1)([O-])=O,-14.26
c1cc2[nH]cc(CCNC(CCCc3[nH0]4c([nH0][nH0]3)N(C(C3SC=CC=34)=O)CCC(C)C)=O)c2cc1,-9.158
S(N(CC(NC(c1ccccc1)C)=O)c1ccccc1)(c1ccc(cc1)OCC)(=O)=O,-15.245
CCOC(C1=C(NC2=C(C(C(C(C2)c2cc(ccc2)OC)C(=O)OCC)=O)C1c1c(C(F)(F)F)cccc1)C)=O,-12.226
Cc1cc(C(Nc2ccc(C3N(C(=O)C)N=C(O3)c3c(OC(=O)C)ccc(c3)Br)cc2)=O)ccc1,-14.743
c1ccc(COc2ccc(C3C(C#N)=C(SCC(Nc4cc(ccc4)C)=O)NC(C3)=O)cc2)cc1,-11.677
c1ccc(C2CN(C(c3c[nH0][nH0](c4c(Cl)cccc4)c3C3CCN(C(OC(C)(C)C)=O)CC3)=O)CC2)cc1,-13.534
c1ccc(CN2C(=O)N(c3cc(C(NCc4[nH0]cccc4)=O)ccc3)CCC2)cc1,-13.986
COc1cc(S(=O)=ONc2c(cc(cc2)F)F)c(OC)cc1,-10.474
C1(\C(=C(/C=2/C(C1c1c(c(F)ccc1)F)CN(C\C2)Cc1ccccc1)\C#N)\N)(C#N)C#N,-15.023
CCN1C(=O)Sc2cc(S(=O)=ONc3c(cc(cc3)F)C)ccc21,-13.672
c1cc2[nH0](c3[nH0]c([nH0][nH0]c3c2cc1)NCCCN1CCN(c2ccc(F)cc2)CC1)CC,-14.265
Cc1cc(N2CCN(C(C3CCC(CNS(=O)=OC4SC=CC=4)CC3)=O)CC2)c(cc1)C,-14.335
c1cc(c([N+](=O)[O-])cc1)N1CCN(CCOC2=NON=C2C)CC1,-11.979
c1ccc(N2C(=S)N(C(C2=O)CC(Nc2ccc(OC)cc2)=O)Cc2ccc(OC)cc2)cc1,-9.232
CCOc1ccc(NC(CC2C(=Nc3[nH0]c([nH0][nH0]3C=2C)c2ccc(C(C)(C)C)cc2)C)=O)cc1,-15.098
Cc1c2c(c(N3C(C4C(C3=O)CC(Cl)=CC4)=O)ccc2)[nH0]cc1,-14.747
C1CC(C(NC(c2c3cc(S(=O)=ON4CCC(CC4)C)ccc3[nH0]c(c2)c2c[nH0]ccc2)=O)CC1)C,-14.98
C1CCN(c2ccc(C3N=C(ON=3)Cc3ccc(F)cc3)cc2)CC1,-11.9
n1(nc(cc1c1ccc(cc1)C)C(Nc1cc(OC)ccc1)=O)C1CS(=O)(=O)CC1,-12.076
N1(C(c2c(nc[nH]2)CC1)C1CCN(Cc2ccccc2)CC1)Cc1ccccc1,-13.966
c12c(CCC(C2)C(CC)(C)C)c(c(s1)NC(=O)C(C)C)C(OCC)=O,-12.659
c1(ccc(cc1)OC)C(N(CC(N1C(c2c(CC1)scc2)COc1ccc(Cl)cc1)=O)C(C)(C)C)=O,-14.955
Cc1ccc(OCC(C[nH0]2c[nH0+](C)c3c2cc(c(c3)C)C)O)cc1,-14.826
C(c1ccc(F)cc1)CNC1C([S+2]([O-])(c2ccc(NC(=O)C)cc2)[O-])CS(=O)=OC1,-9.952
c1(ncsc1)C(=O)NCCN(C(=O)C)C1CCOCC1,-15.377
Cc1ccc([S+2](c2c[nH0](c3c(ccc([nH0]3)C)c2=O)CC(Nc2c(C)c(ccc2)Cl)=O)([O-])[O-])cc1,-15.596
[N+](c1ccc(NC(NC(C(Cl)(Cl)Cl)NC(=O)CCl)=S)cc1)([O-])=O,-14.793
C1OCCN(c2ccc(cc2Cl)NC(CC2SC=CC=2)=O)C1,-11.423
n1c(noc1c1ccc(OCC(NCc2c(OC)cccc2)=O)cc1)c1ccc(cc1)C,-14.442
c1(nn(cc1)CC)C(=O)N1CCC(Cc2ccc(C(=O)NCCOC)cc2)CC1,-13.275
c1ccc([nH0]2c(Nc3ccccc3)[nH0][nH0]c2SCC(c2c(ccc(c2)C)O)=O)cc1,-11.447
c1c(cc(N2C(C(SC2=S)=CC2OC(=CC=2)c2ccc([N+]([O-])=O)cc2)=O)cc1)Cl,-9.898
c1ccc(Oc2c3Oc4c(c3[nH0]c([nH0]2)CC)cccc4)cc1,-12.457
c1([C@H]2N(C(CN3CCCCCC3)=O)CC(C2)(F)F)n(cnn1)CC1CC1,-11.164
CCOC(CCN(S(=O)=Oc1ccc([N+]([O-])=O)cc1)Cc1c(ccc(c1)OC)OC)=O,-10.395
c1cc2[nH0]c([nH0](NCc3ccc(F)cc3)c(c2cc1)=O)c1cc(c(OC)c(OC)c1)OC,-15.583
c1ccc(CN(CCCNC2=C(N3CC(CCC3)C(=O)OCC)C(C2=O)=O)C)cc1,-13.999
c1cc(OCC(NC2=NON=C2c2cc(c(cc2)OCC)OCC)=O)c(Cl)cc1,-11.526
CCC[nH0]1c[nH0]c2c1ccc(c2)NCc1cc(c(c(c1)OC)OC)OC,-15.396
c1ccc(C2OC(c3ccc(CSc4[nH0]c5NC6=C(C([nH0]5[nH0]4)c4c(C)cccc4)C(CCC6)=O)cc3)=NC=2)cc1,-14.713
c1cc2C(N(Cc3cc([S+2]([O-])(NCc4cc(ccc4)OC)[O-])c(cc3)OC)C(c2[nH0]c1)=O)=O,-14.748
Cc1ccc([nH0]2c([nH0](C)c(c([nH0]2)C2N=C(CCC(Nc3c(cc(cc3)C)C)=O)ON=2)=O)=O)cc1,-12.97
n12c(sc(n1)c1cc3c(OCCO3)cc1)nnc2c1cnccc1,-15.211
C(CCC(NCCOC(c1ccc([N+](=O)[O-])cc1)=O)=O)CCCC(=O)NCCOC(c1ccc([N+]([O-])=O)cc1)=O,-13.013
N1(c2cc(C(Nc3cc(cc(c3)OC)OC)=O)ccc2OCC1=O)CC(NC(C)C)=O,-10.295
CN(c1ccc(C=C2SC(=NC2=O)N2CCN(C)CC2)cc1)C,-14.598
Cc1cc(OC(=O)N(C)C)c(CN(C)C)cc1,-11.878
c1cc(c(C(=O)N(CC2SC=CC=2)CC2OC=CC=2)cc1)OCC,-9.492
CSc1cc(NC(C2CCN(S(=O)=Oc3cc4c(N(C(C4)C)C(=O)C)cc3)CC2)=O)ccc1,-10.272
n1c([nH]c(n1)CC1CCN(C(c2nc3c(cc2)cccc3)=O)CC1)c1ccccc1,-12.741
N1(C(N(c2c1nccc2)CCOC)=O)[C@H]1CN(C(=O)C2CCCC2)CC1,-13.164
c1cc(c(NC(c2[nH0][nH0](ccc2=O)c2ccc(cc2)C)=O)cc1)Cl,-12.376
CCOC(c1c([nH0]c([nH0]c1)SC(C(Nc1cc(Cl)ccc1C)=O)C)N)=O,-14.572
CC(C(Nc1cc2[nH0](c(=O)[nH0](C)c2cc1Sc1ccc(Cl)cc1)C)=O)C,-11.109
CC1=CC(C(Nc2c(cc(cc2Br)F)F)=O)=NO1,-13.713
CCOCCOC(C1=C(NC2=C(C(CCC2)=O)C1c1cc(O)c(cc1)OC)C)=O,-12.156
c1cc(c(N2CCN([S+2](C3=C(Sc4c3c([nH0](c[nH0]4)CC(Nc3cc(c(OC)c(OC)c3)OC)=O)=O)C)(=O)=O)CC2)cc1)OC,-11.972
C1CC(N(CCC[nH0]2c(c3c([nH0]c2SCC(NCc2c(Cl)cccc2)=O)cccc3)=O)CC1)CC,-10.054
c12c(noc1c1c(OC2)cccc1)C(Nc1c(N2CCN(CC2)C)cccc1)=O,-13.561
n1(ccc2c1ccc(c2c1cc(cc(c1)C)C)OC(N(CC)CC)=O)Cc1c(cccc1)C,-10.418
c12n(C(C(F)(F)F)CC(N2)c2ccc(cc2)C)ncc1C(NCc1cnccc1)=O,-12.553
CCCN1c2[nH0][nH0]c([nH0]2C2=C(C1=O)SC=C2)CCC(Nc1ccc(CC)cc1)=O,-15.598
C1CCC(NC(CSC2[nH0]3[nH0]c([nH0]c3c3c(N=2)cccc3)c2cc([N+]([O-])=O)ccc2)=O)CC1,-10.607
N(C(c1cc(cc(c1)OC)OC)=O)c1ccc(C2NC(N(C(C)=C2C(OCCOC)=O)C)=S)cc1,-14.766
CCC[nH0]1c2c(c(cc1=O)C(NCc1c[nH0]ccc1)=O)c([nH0](c([nH0]2C)=O)CCC)=O,-12.422
Brc1ccc(C2=Nc3c(O2)ccc(NC(c2c(ccc(c2)I)Cl)=O)c3)cc1,-14.461
c1(c2n(nn1)CC(OC2)c1ccc(cc1)OC)c1nc(no1)C1CC1,-14.45
CCNC(N(CC1=NC(c2ccc(cc2)C)=NO1)CC=C)=O,-13.959
c1cc(NC(CSC2=Nc3[nH0]c(ccc3O2)C)=O)c(C#N)cc1,-13.157
CCCCOc1ccc(C(Nc2[nH0]([nH0]c(c2)C)c2c3c([nH0](c4c(cc(cc4)C)C)[nH0]c3)[nH0]c[nH0]2)=O)cc1,-11.821
CCOC(C1C(C2=C(CC(C(C2=O)C(=O)OC)C)NC=1C)C1SC=CC=1)=O,-10.539
Cc1c(c(NC(CSC2OC(=NN=2)CNC(C2SC=CC=2)=O)=O)ccc1)C,-10.68
c1cc2c([nH0]3c([nH0][nH0]c3C=C2C)SCC(NC2N=C(SN=2)c2ccc(C(C)(C)C)cc2)=O)cc1,-12.073
N1(C(C(CN1)CC(Nc1ccc(Cl)cc1)=O)=O)c1ccccc1,-10.435
C(N(Cc1ccccc1)C)(=O)CCCOc1c(cc(cc1)Cl)Cl,-15.262
c1cc(c(CN2C(=O)N(CC(NCc3ccc(C)cc3)=O)CC2)cc1)C,-15.07
c1cc(c(N=C2C(=Cc3c(O2)c(ccc3)OC)S(=O)(c2ccc(cc2)C)[O-])cc1)C,-13.448
c1cc2[nH]c3[nH0]c([nH0][nH0]c3c2cc1)SC(C(Nc1ccc(S(=O)=ON)cc1)=O)CC,-10.683
n1c(noc1C)c1ccc(NC(N2CCN(c3ccc(C(=O)C)cc3)CC2)=O)cc1,-14.597
c1c2c([nH0]c(C=Cc3c(Cl)cccc3F)cc2)c(cc1)O,-10.042
C1CCC(OC(C(Oc2cc3OC(=O)C4=C(c3cc2)CCC4)C)=O)CC1,-10.841
c1ccc(CN[S+2](c2cc3OC(N(CC(NCc4cc(ccc4)OC)=O)c3cc2)=O)(=O)=O)cc1,-13.492
c1cc2[nH0]c(C3CN(C(=O)C3)c3cc(ccc3OC)Cl)[nH0](c2cc1)CCOc1cc(ccc1)OC,-14.941
CCOC(c1c([nH][nH0]c1)[S+2]([O-])(Nc1cc(ccc1)SC)[O-])=O,-10.243
CCOC(N1CCN(C2=NC(c3c(c(ccc3)OC)OC)=NO2)CC1)=O,-13.994
c1cc2[nH0](CC)c3c(c2cc1)cc(NC(c1ccc(F)cc1)=O)cc3,-9.241
N1(\C(=N/c2c(C1=O)cccc2)\SC)CCc1ccccc1,-9.335
N1(C(c2occc2)=O)CC(N(C(=O)C)C2CCOCC2)CCC1,-10.903
c1cc2SC(C(N(c2cc1)CC(N1CCCC1)=O)=O)=Cc1cc(Cl)ccc1,-11.811
Clc1cc(c(C2N=C(c3c([N+]([O-])=O)cc([N+]([O-])=O)cc3)ON=2)cc1)Cl,-13.335
c1ccc(C2C(N(CCc3ccccc3)C(C=2O)=O)c2cc(ccc2)F)cc1,-12.41
Cc1ccc(C(C(Oc2cc(N3C(C4C(C3=O)C3CC4CC3)=O)ccc2)C)=O)cc1,-9.256
n1(nc(c2c1cccc2)C)CC(N(Cc1ccccc1)C(C)C)=O,-15.102
c1ccc(C2=COc3c(C2=O)ccc(c3)OC(c2cc(c(OC)c(OC)c2)OC)=O)cc1,-11.266
c1ccc(C2=NN(C3SC(C(N=3)=O)CC(Nc3ccc(F)cc3)=O)C(c3ccc(cc3)CC)C2)cc1,-9.745
N1(C(Cc2c(ccc(c2)OC)OC)=O)Cc2cc(C(=O)NCCOC)ccc2OC[C@@H]1C,-15.445
c1ccc([nH0]2c([nH0]c3N(C(Sc3c2=O)=S)c2c(cc(cc2)C)C)SCC(Nc2ccc(N(C)C)cc2)=O)cc1,-9.822
c1cc2c([nH0]3c([nH0][nH0]c3SCC(NC3=NC(=C(C(=O)OCC=C)S3)C)=O)C=C2)cc1,-11.335
C(C=C)OC(COc1c(c2c(C3=C(C(O2)=O)CCC3)cc1)C)=O,-15.3
C1(C(N2CC(n3nnc(c3)C(NCc3ccncc3)=O)C2)=O)(CC1)c1ccc(cc1)OC,-12.826
n1c(noc1COCc1ccccc1)C1CN(C(c2n(ccc2)C)=O)CC1,-14.223
N1(CCC(CC1)N(Cc1cccc(c1)F)C(CN(S(CC)(=O)=O)CCOC)=O)C(=O)Nc1ccc(cc1)C,-14.202
c1cc2[nH0](c3[nH0]c([nH0][nH0]c3c2cc1)SCC(N1CCOCC1)=O)CC=C,-12.374
CCOc1ccc(NC(c2c[nH0]c([nH0]c2C(F)(F)F)SC)=O)cc1,-9.967
N/1(C(N(/N=C1/C)C)=O)C1CCN(Cc2oc(cc2)C)CC1,-11.503
n1c(c(C(NC(C)C)=O)cnc1N(C)C)C1CN(C(=O)CCc2ccccc2)CC1,-11.978
COC(C(OC(c1cc([N+](=O)[O-])c(C)cc1)=O)C)=O,-14.964
C1CC2SC3C=C(C(Nc4cc(Cl)ccc4)=O)SCC=3C=2CC1,-13.077
c1cc(CNS(=O)=Oc2cc(C3=CC(=NO3)C(=O)OCC)ccc2OC)c(C)cc1,-11.198
c1ccc(CN2CCC(NC(CCc3[nH0]4c([nH0][nH0]3)N(CC(C)C)C(c3c4cccc3)=O)=O)CC2)cc1,-13.149
c1ccc(SCC2N=C(c3ccc(C(NC4CCC(CC4)C)=O)cc3)OC=2C)cc1,-10.647
C1CCC(N2CCN(S(=O)=OC3SC(c4[nH][nH0]c(c4C)C)=CC=3)CC2)CC1,-14.338
N1(C(=O)CCC1)CC(N1CCC(Cc2ccc(CN3CCCCC3)cc2)CC1)=O,-14.911
C12(C(c3nc(no3)C3CC3)CN(S(=O)(=O)C)C1)CN(C(c1n[nH]cc1)=O)C2,-12.234
N12C(c3c(N(C1CCCCC2)CC)cc(C(NCc1cc(Cl)ccc1)=O)cc3)=O,-9.862
COc1ccc(OCCSc2[nH]c(cc([nH0]2)C)=O)cc1,-15.256
c1(ncc(n1CCO)C)C1CCN(C(c2cnccc2)=O)CC1,-14.354
c1(n[nH]c2c1cccc2)C(N1CC(C(=O)N)(CCC1)CC)=O,-12.982
N1(CC(N2CCc3cc(c(cc3C2C1)OC)OC)=O)C(Nc1ccc(C(OCC)=O)cc1)=S,-13.352
N1(C(C(NCC1)=O)CC(Nc1ccc(C(=O)C)cc1)=O)C(CN1CCN(c2ncccc2)CC1)=O,-12.111
c1ccc(CC[nH0]2c(SCC(N3C(CC(=N3)C3SC=CC=3)c3ccc(OC)cc3)=O)[nH0][nH0]c2CNC(c2c(OC)cccc2)=O)cc1,-13.464
C1CN(CCCNC(COCC2SC(C(Nc3ccc(C)cc3)=O)=NN=2)=O)CC1,-12.071
CC1CN(S(=O)=Oc2cc3C(=C(Oc3cc2)C(Nc2c(c(ccc2)C)C)=O)C)CC(C1)C,-14.241
c1ccc(OCCOC(C2C(NC(=O)N(C=2C)C)c2c([N+]([O-])=O)cccc2)=O)cc1,-13.413
C1CCC(N2CCN([S+2](c3c([nH0](c(c3C(N3CCC(CC3)C)=O)C)C)C)([O-])[O-])CC2)CC1,-13.544
c1ccc(C(c2c[nH0](c3c(c2=O)cc(OCC)cc3)CC(Nc2ccc(Cl)cc2)=O)=O)cc1,-12.858
C1CCC(N2CCN(C(C3OC(CS(=O)=Oc4c(C)cccc4)=CC=3)=O)CC2)CC1,-11.289
c1(sc(nc1C)NC(Nc1cc(c(cc1)Cl)Cl)=O)C(=O)OCC,-13.814
c1ccc(NC(C2=NN=C(S2)C2CCN(C(c3c(F)cccc3)=O)CC2)=O)cc1,-14.726
C(NC(=N)N)(Nc1cc(ccc1OC)OC)=N,-10.1
c1ccc(c2cc(Nc3cc(C(=O)Nc4ccc(C)cc4)ccc3)[nH0]c[nH0]2)cc1,-15.435
c1c(CSC2OC(C=c3c([nH0]4N=C(Sc4[nH0]c3=O)C3OC=CC=3)=N)=CC=2)ccc(Cl)c1,-12.046
[N+](c1ccc(COC(=O)CCC(C(Oc2ccc([N+]([O-])=O)cc2)=O)N)cc1)([O-])=O,-10.269
C(c1ccc(C(N2CCC(CC2)C(C(=O)NCCC)NC(CC(C)C)=O)=O)cc1)(F)(F)F,-14.97
S(c1c(onc1C)C)(N1CC(c2nc(ncc2C(NC(C)C)=O)N(C)C)CC1)(=O)=O,-13.728
CCCC(N(S(=O)=Oc1ccc(cc1)C)c1cc2C(C(=O)OCC)=C(Oc2cc1)C)=O,-12.04
c1(cc(C(F)(F)F)ncn1)N1CCN(C(c2cc(Cl)ccc2)=O)CC1,-15.169
S(N1CC(Cc2n(c(cn2)C)Cc2ccc(F)cc2)CCC1)(c1cc(F)ccc1)(=O)=O,-10.567
CCOC(C1=C(NC(c2cc(c(OC)c(OC)c2)OC)=O)SC(C(N2CCCC2)=O)=C1C)=O,-9.27
C1CCC(N(C(Nc2cc(c(cc2)Br)C)=O)Cc2c([nH]c(C(=O)OCC)c2C)C)CC1,-12.713
c1c[nH0]cc(CNC(NC(c2ccc([N+](=O)[O-])cc2)=O)=S)c1,-14.186
N1([C@H](C(N(Cc2c(nn(c2)CC)C)C)=O)CC(C1)(F)F)C1CN(S(=O)(=O)C)C1,-10.251
C(N1CCC2(OCCC(C2)OCC2CC2)CC1)(=O)c1ccccc1,-12.58
c1cc2C(=NS(=O)=Oc3c(ccc(c3)C)C)C=C(Nc3ccc(OC)cc3)C(c2cc1)=O,-15.063
c1cc(S(=O)=Oc2c([nH]c([nH0]c2)SCC(Nc2c(cc(cc2)Br)F)=O)=O)cc(C(F)(F)F)c1,-12.733
c1cc(c(C2C3C(CC(CC=3N(C3=C2C(=O)CC(C3)(C)C)C)(C)C)=O)cc1)OCCC,-13.402
N1(C(Cc2ccc(cc2)Br)=O)[C@H]2CC(NC(=O)c3ccncc3)C[C@@H]1CC2,-14.304
c1ccc(N2CCN(C(c3c[nH0](c(c4c3cc(c(c4)OC)OC)=O)C)=O)CC2)cc1,-10.886
Cc1c(c(N2CCN(C(c3cc(NC(C4SCCOC=4C)=O)ccc3)=O)CC2)ccc1)C,-9.195
c1ccc(c2ccc(N3C(C(C=C3c3ccccc3)=Cc3cc(c(cc3)OC)Br)=O)cc2)cc1,-12.116
[C@H]1(c2nc(n[nH]2)C)[C@@H](CN(C1)C(=O)CCc1nc2c(s1)cccc2)C(=O)NC,-11.369
C1(/C(OC(N)=C1C#N)(c1sccc1)O\N=C(/C)C)=C(/C#N)C#N,-14.999
c12c(sc(c1)c1ccccc1)cc([N+]([O-])=O)cc2Sc1ccccc1,-12.289
n1c(CC(N2CCCCC2)=O)csc1COc1ccc(cc1)C,-11.468
c1ccc(CNC(C2CCN(c3[nH0]c4c([nH0]3Cc3ccc(C)cc3)cccc4)CC2)=O)cc1,-12.789
CCCCOc1ccc(c2[nH0]c3[nH0](C(C(=Cc4ccc(C)cc4)S3)=O)[nH0]2)cc1,-11.723
c1(nc(on1)CCC(N1C/C=C(\CC1)/c1ccccc1)=O)C1N(C(=O)NCC)CCC1,-9.689
c12c(/N=C(\N(C1=O)Cc1ccc(cc1)C)/SCC(Nc1c(Cl)cccc1)=O)c(nn2CC)C,-10.444
Cc1cc(C(NN=C2CC(C(=C)C)CC=C2C)=O)ccc1,-12.038
C1COC(CN2c3[nH0][nH0]c([nH0]3C3=C(C2=O)SC=C3)SCC(Nc2ccc(C(=O)C)cc2)=O)C1,-13.059
Cc1cc(C(Nc2cc3SC(SCC(Nc4cc(Cl)ccc4C)=O)=Nc3cc2)=O)ccc1,-10.283
N1([C@H]2CN(C(Cc3c(F)cccc3)=O)C[C@H]2CCCC1=O)Cc1cc(F)ccc1,-13.667
Cc1cc2c([nH0]c([nH0]c2C)NC(=NC(=O)Cc2ccc(Cl)cc2)N)cc1,-14.903
CC(OC(c1ccc(COc2cc3c(cc2)C(C(=Cc2ccc(OC)cc2)O3)=O)cc1)=O)C,-14.909
c1cc2[nH0]c(cc(c2cc1)C(NCc1cc(ccc1)C)=O)C,-11.411
COc1ccc(CNS(=O)=Oc2cc(c(cc2)F)C(Nc2c(c(ccc2)Cl)C)=O)cc1,-14.465
CCOc1cc(C2N3C(CCSC3=NC(=C2C(=O)OCC)C)=O)ccc1OCC,-14.45
c1cc(c(CS(=O)=ON2CCC(C(Nc3ccc(F)cc3)=O)CC2)cc1)F,-14.18
c1ccc(c2[nH0](C)c(SCC(Nc3c(C)c(ccc3)Cl)=O)[nH0]c2)cc1,-13.17
c1cc(c(C2c3c([nH0](c4[nH0]c(c[nH0][nH0]4)c4cc(ccc4)OC)[nH0]c3C)NC(C2)=O)cc1)OCC,-11.71
c1ccc(CCNc2c(C3=NC(=NO3)c3cc(ccc3)C)ccc[nH0]2)cc1,-12.978
c1cc(c(N[S+2](c2ccc(N3S(=O)=OCCC3=O)cc2)([O-])[O-])cc1)N1CCOCC1,-12.117
Cc1cc(c(NC(CN2S(=O)=ON(CC2)Cc2cc(ccc2)Cl)=O)cc1)Cl,-12.853
Cc1ccc(OCC2N=C(c3ccc(C(N4CCN(C)CC4)=O)cc3)OC=2C)cc1,-10.82
N1(C(C(CC1)C(Nc1ccc(c(c1)OC)OC)=O)=O)c1cc2c(c3ccccc3o2)cc1OC,-13.4
Cc1cc(c(NC(CC[nH0]2c(c3c(c([nH0](c3[nH0]c2)c2cc(F)ccc2)C)C)=O)=O)cc1)C,-13.388
c1(NC(=O)C2CC(=O)N(c3ccc(cc3)OCC)C2)ccc(cc1)C,-9.699
c1cc2C3=c4c(=NO3)c(cc(c4C(c2cc1)=O)Oc1ccc(C)cc1)Oc1ccc(C)cc1,-9.106
c1cc(c(NS(=O)=OC2C=C(C3N=C(ON=3)C3CC3)SC=2C)cc1)F,-11.436
c1ccc(C2=NC(C(O2)=O)=Cc2c([N+]([O-])=O)cccc2)cc1,-12.191
c1(c(c2CCCCc2s1)C#N)NC(=O)CSc1nc(C)cs1,-11.984
C(NC(=O)Cc1ccc(N(Cc2cc(F)ccc2)C(c2sccc2)=O)cc1)(C)C,-14.721
CCOc1ccc(NC(c2c[nH0]c(S(=O)=Oc3ccc(Cl)cc3)cc2)=O)cc1,-10.202
c1ccc(Oc2ccc(Nc3[nH0]c([nH0]c(c3)C)[nH0]3cc([N+]([O-])=O)c[nH0]3)cc2)cc1,-10.875
c1c(cc(NC(C2=NN=C(C3N(C(Nc4cc(ccc4F)F)=O)CCC3)S2)=O)cc1)F,-14.928
CSC1=C(C2C(C#N)=C(N(c3c(F)cccc3F)C3=C2C(CCC3)=O)N)C=C(S1)C,-12.159
C1CC(NC(C([nH0]2c(SCc3cc(OC)ccc3)[nH0]c3c2c[nH0]cc3)CC)=O)CC1,-11.835
CCC(NC(CN1[nH0]2c(c3c1cccc3)[nH0]c(cc2C)=O)=O)C,-14.131
CCC1=Nc2[nH0]([nH0]c[nH0]2)C(=C1)Nc1cc(c(cc1)C)C,-9.931
c1ccc(CN2C(c3ccc[nH0]c3C2Nc2c([N+]([O-])=O)cccc2)=O)cc1,-15.289
CCOC(c1ccc(NC(c2ccc([nH0](Cc3c(Cl)cccc3F)c2)=O)=O)cc1)=O,-13.093
C1CC(NC2=C(NC(c3ccc(F)cc3)=O)C(Oc3c2cccc3)=O)CC1,-9.493
C(CCCC)C(N(CC(N(Cc1occc1)CC1OCCC1)=O)C(C)CC)=O,-13.827
N1(C(CC(c2nc(CCC(c3ccc(cc3)C)=O)on2)C1)=O)C1CCCCC1,-15.062
c1(nn(c2c1cccc2)C)C(N1CC(C1)N(C1CCOCC1)CC)=O,-14.676
CCOc1c(c(cc(C=C2C([nH0]3c4c([nH0]c3S2)c(cc(c4)C)C)=O)c1)Cl)O,-10.358
N(/C(=N/c1c(OC)cccc1)/NCc1ccncc1)C(c1cc(F)ccc1)=O,-13.504
COc1ccc(C2N=C(ON=2)COc2cc(c(c(c2)C)Br)C)cc1,-9.151
c1cc(c(NC(CSC2OC(=NN=2)CNC(c2ccc(OC)cc2)=O)=O)cc1)F,-10.161
CCOC(C1C2=C(SC=1NC1=CC(=O)CC(c3ccc(OC)cc3)C1)CCCC2)=O,-13.835
CC(CC1Sc2[nH0](N=1)c(c(c([nH0]2)=O)=CC1OC(=CC=1)c1ccc(Cl)cc1)=N)C,-11.103
Cc1ccc(C2N=C(ON=2)CNC(c2cc(ccc2)Cl)=O)cc1,-14.177
[nH]1c2c(ccc(c2)OC)c(c1)CCNC(c1cc(OC)c(c(c1)OC)OC)=O,-13.165
c1c(NC(N2C3(c4cc(Cl)ccc4N(C3=O)Cc3ccccc3)SC(C)(C2)C)=O)cccc1F,-9.43
COc1ccc(N2C(=C(C#N)C(C3=C2CCCC3=O)c2cc(OC)c(cc2)OC)N)cc1,-11.131
N1(C(c2nc3c(cc2)cccc3)=O)CC2(C(C1)CCC(N1CCOCC1)=O)CCCCC2,-9.606
O1CCN(C(=O)C2N(C(OC2c2ccc(NC(c3cccs3)=O)cc2)=O)Cc2ccc(F)cc2)CC1,-15.096
c1cc2c(N(C(=O)C)C(C(=O)NCCC3=C(ON=C3C)C)C2)cc1,-11.168
c1(C(N\N=C\c2c(F)cccc2)=O)c(OCc2cc(Br)ccc2)cccc1,-10.799
c1ccc([P+](C2=C(OC(=N2)c2c(Cl)cccc2)N2CCOCC2)(c2ccccc2)[O-])cc1,-12.925
c1(c(F)cccc1)C(N(CC(N1C(c2c(CC1)scc2)COc1cccc(c1)OC)=O)CC=C)=O,-13.787
CCc1ccc(NC(CSc2[nH]c(c3CN(Cc4cc5c(cc4)OCO5)CCc3[nH0]2)=O)=O)cc1,-15.377
c1c[nH0]c(N2CCN(c3[nH0]c4[nH0](c([nH0](c(c4[nH0]3Cc3ccc(Cl)cc3)=O)C)=O)C)CC2)cc1,-10.459
COc1c(cc(C2Nc3c(C(Nc4cc(c(cc4)Cl)Cl)=O)c[nH0][nH0]3C(C2)C(F)(F)F)cc1)OC,-12.597
[C@H]1(C(NC2CC2)=O)[C@@H](CN(C1)c1cc(C(F)(F)F)c(C#N)cc1)C1CCN(Cc2ccncc2)CC1,-9.654
c1ccc(C2C(CCC(C2)=O)(C(=O)OC)C(=O)OC)cc1,-10.905
[N+](c1ccc(S(N(CC(N(Cc2occc2)Cc2cc3c(OCO3)cc2)=O)CCOC)(=O)=O)cc1)([O-])=O,-14.928
COc1c(c(cc(C2=NC(COC(c3c([nH0]([nH0][nH0]3)c3cc(ccc3)SC)C)=O)=C(O2)C)c1)OC)OC,-14.334
CC(CCNC(CN1N=C([nH0]2c(C1=O)ccc2)C)=O)C,-11.188
O=C(N(Cc1cc(ccc1F)F)Cc1nc2cc(ccc2o1)C)c1cc(cc(c1)F)F,-10.647
c1ccc(C2[nH0]3[nH0]c([nH0]c3NC3=C2C(=O)CC(C3)(C)C)c2cc(c(OC)c(OC)c2)OC)cc1,-14.133
C1CN(C(c2c(S(=O)=Oc3ccc(cc3)C)c3c([nH0]c2)ccc(c3)F)=O)CC1,-15.433
c12c(c(nn1c(cc(n2)C)C)C(Nc1cc(cc(c1)OC)OC)=O)c1cc(S(N2CCCC2)(=O)=O)c(cc1)C,-13.167
c1(nc2c(s1)c(ncn2)SCC(NCc1ccc(F)cc1)=O)N1CC(CCC1)C,-15.172
c1ccc([nH0]2c(c(c([nH0]2)C)C=NNC(CC[nH0]2[nH0][nH0]c3c2cccc3)=O)C)cc1,-10.826
COc1cc([nH0]2[nH0][nH0]c(C(OCc3c(ccc(c3)C)C)=O)c2C)ccc1,-14.023
c1ccc(CCC(N(C2Sc3c(N=2)ccc(c3)F)CCCN(C)C)=O)cc1,-14.526
N12C(N(C[C@@H]1CN(C([C@@H]2C)=O)C)Cc1cc(F)ccc1)=O,-11.807
N1(C[C@]2([C@@H](C1)CN(C(CCc1c[nH]c3c1cccc3)=O)CC2)CO[H])c1cc(C(F)(F)F)c(C#N)cc1,-9.65
CC(COC(COc1cc2c(C(C(=CO2)Oc2c(ccc(c2)C)C)=O)cc1)=O)C,-12.309
c1cc(c([nH0]2c(c(c([nH]c2=O)O)C2=NN(C(c3cc4c(cc3)OCO4)C2)C(=O)CC)=O)cc1)OC,-9.984
c1ccc([nH0]2c([nH]cc(c2=O)C(Nc2cc(C)cc(C)c2)=O)=O)cc1,-12.524
CC(c1ccc(S(=O)=ON2C(C3SC(=NN=3)C(Nc3c(cc(cc3)F)F)=O)CCC2)cc1)=O,-12.834
c1(c2c(non2)N)nc(on1)COc1c(Cl)cccc1,-15.53
CCC1=CC([nH0]2[nH0]c([nH0]c2N1)NCc1c(ccc(c1)OC)OC)=O,-15.352
N1(C(c2cc(ccc2)C)=O)Cc2c(OCC1)ccc(NC(=O)NCC)c2,-13.135
C(CC)C(N1CCC(CC1)N(Cc1cccc(c1)F)C(CN(S(c1ccccc1)(=O)=O)CCC)=O)=O,-10.992
N(CCOC)(CC(=O)N1C(CC(c2cccc(c2)OC)=N1)c1ccc(cc1)Cl)C(c1occc1)=O,-13.871
c1(c(c2c(s1)nc(cc2C)C)N)C(c1ccc(cc1)OC)=O,-9.855
c12c(/C(=N\N(C1=O)CC(=O)NCCCOC(C)C)/c1ccc(cc1)Cl)c(on2)C,-12.431
CCCCOC(=O)c1cc(NC(=O)COc2c(Cl)cc(cc2)Cl)ccc1,-14.387
c1(c2nc(sc2)Nc2ccc(S(=O)(=O)N)cc2)n2c(nc1C)cccc2,-13.241
c1(nnc(s1)CNC(=O)C1CCCCC1)C(Nc1ccc(cc1)OC)=O,-10.771
c1cc2c(c(NC(CC(=NNC(=O)C(=O)NCCO)C)=O)ccc2)cc1,-12.598
c1cc2[nH0]c3[nH0](C(=O)C)c4c(c3[nH0]c2cc1)cccc4,-14.841
COc1c(OC)cc(C=NNC(CNc2c(cc(cc2)Cl)C)=O)cc1,-10.636
CCCCCCCCCC(Nc1ccc(C(=O)Nc2ccc(Cl)cc2)cc1)=O,-11.715
c1cc([N+]([O-])=O)c(C2c3c([nH0][nH]c3C)OC(=C2C#N)N)cc1,-9.869
C1CCC(C2=N[nH0]3c(cc([nH0]c3S2)COC(c2cc(NC(C3SC=CC=3)=O)ccc2)=O)=O)CC1,-11.63
CCc1ccc(NC(CN(S(=O)=Oc2cc3c(N(C(C3)C)C(=O)C)cc2)C)=O)cc1,-10.482
N1(C(c2nn(cc2)CC)=O)[C@H](C(NC2CC2)=O)C[C@@H](C1)Oc1cnccc1,-9.642
c1cc(C=CC2=C(S(=O)=ON3CCC(C(N4CCN(c5ccc(C(=O)C)cc5)CC4)=O)CC3)C(=NO2)C)c(F)cc1,-9.927
N1([C@@H]2CN(C(c3c(OC)cccc3)=O)CC[C@@H]2C1)Cc1ccncc1,-11.894
n1c(noc1Cc1ccccc1)CNC(c1ccc(cc1)OCC)=O,-13.437
CCOC(c1[nH0]c2ON=C(c2c([nH0]1)NCc1cc(ccc1)F)C)=O,-15.139
N\1(C(c2c(\N=C1\C)cccc2)=O)c1ccc(cc1)OC,-10.945
c1ccc(CN(CCCNC(C2CN(S(=O)=Oc3c4=NSN=c4ccc3)CCC2)=O)C)cc1,-10.286
CCOc1c(c(cc(C2C(C(=O)OC)=C(NC3=C2C(CC(C3)c2ccc(OC)cc2)=O)C)c1)Br)O,-13.742
c1cc(c(C(NC(C(=O)OC)(C(F)(F)F)NC2=NC(C)=CS2)=O)cc1)OC,-15.502
COC(C1S(=O)=Oc2c(N(c3ccc(Cl)cc3)C=1)ccc(c2)F)=O,-15.532
c1ccc(CN2CCN(c3c(C=C4C(N(C(=S)S4)C(C)C)=O)c([nH0]4c([nH0]3)C=CC(=C4)C)=O)CC2)cc1,-15.122
Fc1cc(NC(CCc2[nH0]3N=C(C=Cc3[nH0][nH0]2)NCc2cc3c(cc2)OCO3)=O)c(F)cc1,-12.807
C1Oc2c(cc(Nc3c4c([nH0]c5c3cc(cc5)Cl)CCC4)cc2)OC1,-9.1
CCCCOC(c1ccc(NC2(c3ccc(OC)cc3)C(c3c(C2=O)cccc3)=O)cc1)=O,-9.398
C1(N(C(C(N1NC(c1cc(F)ccc1)=O)CC(Nc1cc(OCC)ccc1)=O)=O)c1ccc(C(=O)OCC)cc1)=S,-11.092
COc1c(cc(NC(C2SC(=NC(C2)=O)N)=O)cc1)OC,-9.746
COc1ccc(OC2=COc3c(C2=O)ccc(c3)OC(c2cc(c(OC)c(OC)c2)OC)=O)cc1,-11.771
c1ccc(CCNC(C2CCN(c3[nH0]c4c([nH0]3Cc3cc(F)ccc3)cccc4)CC2)=O)cc1,-12.419
c1ccc(COc2c(C3C4C(CC(CC=4OC4=C3C(CC(C4)(C)C)=O)(C)C)=O)cc(cc2)Br)cc1,-13.208
c1cc(c(OCc2c(ccc(c2)C=NNC(=O)C(Oc2c(cc(cc2)Cl)Cl)C)OC)cc1)Cl,-11.934
c1(c(c(on1)C)COC)C(N1CCC2(OCCC(C2)CNC(c2cnccc2)=O)CC1)=O,-9.933
n1(c(nc(c(c1=O)CCO)C)c1ccccc1)CC(Nc1cc(Cl)c(cc1)F)=O,-13.424
c1c(cc(C2=CC(C(NCc3ccc(Cl)cc3)=O)=NO2)cc1)Cl,-13.868
N(C1CC1)(C(COc1ccc(F)cc1)=O)Cc1ccc(CC2CCN(C(=O)C)CC2)cc1,-13.539
CCCN(C(C1C(N[nH0]2c([nH0][nH0]c2S1)C)c1ccc(cc1)C)=O)CCC,-10.13
COc1cc(CNc2c3c([nH0]([nH0]c3)C)[nH0]c([nH0]2)NC)c(cc1)OC,-9.878
CCOc1ccc(CNC(C2SC3=C(C=2)C(Oc2c3cc(cc2)C)=O)=O)cc1,-12.546
COc1ccc(OCC(Nc2[nH0]ccc[nH0]2)=O)cc1,-14.271
COc1c(NC(Cc2c3c([nH]c2C(=O)O)ccc(c3)Cl)=O)cc([N+]([O-])=O)cc1,-11.412
C1(C2(c3c(cccc3)N1Cc1ccc(F)cc1)N(C(=O)CS2)c1ccc(cc1)OCCC)=O,-11.773
c1ccc(C(=O)NCC(NN=Cc2c(O)cc(cc2)Br)=O)cc1,-13.149
CCC1=NN(C(c2cc(OC)c(cc2)OC)=O)C(C(F)(F)F)(O)C1,-14.466
C1CCC(N(c2c3c(c[nH0](c3[nH0]c[nH0]2)c2ccc(OC)cc2)c2ccccc2)C)CC1,-9.358
c1cc(c(C2Oc3c(N=2)cc(N=Cc2c(c(cc([N+]([O-])=O)c2)Br)O)cc3)cc1)C,-13.142
c1(c(cc(cc1OC)/C=N\NC(C(Nc1ccc(cc1)C)C)=O)OC)OC,-15.448
c1ccc([nH0]2c3c(c([nH0]2)C)c(cc([nH0]3CC(NCc2cc(ccc2)OC)=O)=O)C)cc1,-13.598
Cc1cc(S(=O)=ON=C2C=C(C(C=C2)=O)Br)c(cc1)C,-12.284
CCOc1ccc(CNS(=O)=Oc2cc3C(C(Nc3cc2)=O)=C2CCCC2)cc1,-11.011
COc1c(S(=O)=ONCCC2SC=CC=2)cc(c2[nH0][nH0](c(cc2)=O)C2=C(ON=C2C)C)cc1,-13.939
C1CC2C([C]1(C(C2)=O)CS(N1C(c2oc3ccc(cc3n2)c2ccc(c(c2)F)F)CCC1)(=O)=O)(C)C,-10.844
c1cc(c(C[nH0]2c(N3CCC(C(=O)NCCc4ccc(Cl)cc4)CC3)[nH0]c3c2cccc3)cc1)F,-12.892
c1ccc(C2OC(=O)c3c(cc(C(NC4SC(=CN=4)Cc4ccc(CC)cc4)=O)cc3)C2)cc1,-9.414
N(C(C(NC1CCC(CC1)C)=O)c1cc(c(OC(C)C)cc1)OC)(C(=O)CCl)CC1Oc2c(OC1)cccc2,-13.935
c1cc2[nH0]c(CNc3[nH0]c4c([nH0]3CCN3CCOCC3)cccc4)[nH0](C)c2cc1,-11.211
c1ccc(COC(CSc2[nH0]c3N(C(Sc3c([nH0]2c2ccc(F)cc2)=O)=S)c2c(C)cccc2)=O)cc1,-13.95
C1CC(N(CCNC(C[nH0]2c(c3c(c4c([nH0]3Cc3c(ccc(c3)C)C)cccc4)c[nH0]2)=O)=O)CC1)C,-11.162
Cc1ccc(CC2C(=Nc3[nH0]c([nH0][nH0]3C=2C)SCC(N2CCOCC2)=O)C)cc1,-15.258
c12c(noc1c1ccccc1)cc(c(c2)Cl)Cl,-10.971
c1ccc(CNC(C2=C(ON=C2c2cc(ccc2)F)C)=O)cc1,-12.263
CCOC(C1=C(NC(=O)CCCN2C(c3ccccc3C2=O)=O)SC2=C1CCC2)=O,-14.897
N1(C(N/C(=C(\C1=O)/C/1=N/NC(C1)c1ccc(cc1)C(C)C)/O)=O)c1ccc(cc1)Cl,-10.411
c1cccc(C(N2CCC(CC2)C(C(=O)NCCOC)NC(=O)c2ccccc2C)=O)c1C,-15.238
C1CCC(NC(c2c(c3NC(CC([nH0]3[nH0]2)C(F)(F)F)c2cc(OC)c(cc2)OC)Cl)=O)CC1,-11.324
CCOC(C1C(N2C(C(SC2=NC=1C)=Cc1c(c(cc(c1)Br)OC)O)=O)c1ccc(OC)cc1)=O,-9.694
c1ccc(CC[nH0]2c(c3c([nH]c2=O)[nH0]c2c([nH0]3)ccc(N=CN(C)C)c2)=O)cc1,-14.547
c1cc(S(=O)(N2CCOCC2)[O-])cc([S+2](c2cc(S(=O)=ON3CCOCC3)c(Cl)cc2)(=O)=O)c1,-12.318
c1(cc(Cl)ccc1)C(Nc1ccc(c2c(nn(c2OC(C)=O)c2c(C)cccc2)c2ccc(cc2)F)cc1)=O,-15.24
c1cc(c(CSc2[nH0]c3NC4=C(C([nH0]3[nH0]2)c2ccc(F)cc2)C(CCC4)=O)cc1)C,-11.203
S(N(C1CCN(CC1)C)C)(c1ccc(cc1)OC)(=O)=O,-14.043
c1c(cc(cc1)Br)OCCC(NN=CC1OC(=CC=1)c1c(cc(cc1)Cl)Cl)=O,-11.16
c1ccc(C[nH0]2c(c3c([nH0](CC(Nc4cc(C)ccc4)=O)c2=O)[nH0]cc[nH0]3)=O)cc1,-12.614
CC(CC(=O)Nc1ccc(NC(=O)C)cc1)=NNC(=O)COc1cc(c(cc1)Br)C,-11.034
S1(N([C@]2([C@](C(NCc3c(cc(cc3)OC)OC)=O)(CC1)CCCC2)[H])CCOC)(=O)=O,-9.763
N1(C(c2ccc(cc2)OC)=O)CC(CC(N2CCOCC2)=O)CC1,-13.726
c1(oc2c(c1C)ccc(c2)Br)C(N(c1cc2N(C(COc2cc1)=O)C)[H])=O,-13.163
c1cc(c(CNC(CSc2[nH0](Cc3ccc(OC)cc3)c(c[nH0]2)CO)=O)cc1)Cl,-11.17
c1(c2c(C(=O)NCCc3ccccc3)cccc2)c(C(=O)NCCc2ccccc2)cccc1,-10.912
COc1c2c(c(cc1)OC)N=C(S2)NNC(c1cc2OCCOc2cc1)=O,-11.296
c1ccc(CC[nH0]2c(SC(C(NC3SC4=C(C=3C(=O)OCC)CCCC4)=O)C)[nH0][nH0]c2CNC(c2cc(c(cc2)OC)OC)=O)cc1,-14.72
N(C(c1ccc(cc1)n1nc(cc1c1cccc(c1)OC)C(OCC)=O)=O)CC(C)(C)C,-11.85
c1(c2c(n(n1)C)CCN(C2)C(=O)C1CCC1)c1ncc(n1CCC)C,-10.553
c1cc(c(C[nH0]2c3c(c(c2)CCC(NCc2cc(Br)ccc2)=O)cccc3)cc1)C,-15.453
c1cc(c(C(=NNC(=O)c2c[nH0]ccc2)C)cc1)O,-11.066
c1(cc(c(s1)NC(=O)c1ccc(cc1)CC)C(OCC)=O)C(C)C,-12.652
C1N(CCN(C(=O)c2cn3CC(CCc3n2)c2cc(C)c(OC)c(C)c2)C1)c1cc(ccc1)C(F)(F)F,-14.497
c1cc(c(c2c3c([nH][nH0]2)C(N(CCOC)C3c2cc(c(cc2)Cl)Cl)=O)cc1)O,-10.677
C1COC(CNC(C[nH0]2c(c3c([nH0]c2)[nH0]([nH0][nH0]3)c2cc(ccc2)OC)=O)=O)C1,-10.341
CCS(=O)=ON1c2c(cc(NC(c3ccc(Cl)cc3)=O)cc2)CCC1,-12.094
c1ccc(C2=NC(=CS2)CNC(=O)CCC)cc1,-10.621
c1ccc(CCN2CN3C(CC(C(=C3SC2)C#N)c2ccc(cc2)C)=O)cc1,-15.396
c1cc(c(C=c2c([nH]c([nH]c2=O)=S)=O)cc1)OCC(=O)OCC,-12.764
COc1ccc(NC(C2=NN=C(S2)CNS(=O)=Oc2cc(ccc2OC)Cl)=O)cc1,-15.393
